,Size,Avg Latency(us),iter,pods
0,4.0,165.88,0,32
1,8.0,164.04,0,32
2,16.0,168.84,0,32
3,32.0,162.59,0,32
4,64.0,187.59,0,32
5,128.0,187.63,0,32
6,256.0,188.83,0,32
7,512.0,190.42,0,32
8,1024.0,192.45,0,32
9,2048.0,197.47,0,32
10,4096.0,214.77,0,32
11,8192.0,234.13,0,32
12,16384.0,2216.97,0,32
13,32768.0,2266.19,0,32
14,65536.0,2388.11,0,32
15,131072.0,2478.48,0,32
16,262144.0,2719.52,0,32
17,524288.0,3691.86,0,32
18,1048576.0,5077.96,0,32
19,4.0,170.08,1,32
20,8.0,159.85,1,32
21,16.0,158.4,1,32
22,32.0,163.52,1,32
23,64.0,183.47,1,32
24,128.0,187.8,1,32
25,256.0,187.62,1,32
26,512.0,187.09,1,32
27,1024.0,193.96,1,32
28,2048.0,196.2,1,32
29,4096.0,211.44,1,32
30,8192.0,240.2,1,32
31,16384.0,2238.27,1,32
32,32768.0,2245.5,1,32
33,65536.0,2401.44,1,32
34,131072.0,2537.84,1,32
35,262144.0,2779.44,1,32
36,524288.0,3642.98,1,32
37,1048576.0,4940.52,1,32
38,4.0,166.05,2,32
39,8.0,161.94,2,32
40,16.0,164.45,2,32
41,32.0,161.0,2,32
42,64.0,186.48,2,32
43,128.0,194.63,2,32
44,256.0,190.88,2,32
45,512.0,191.23,2,32
46,1024.0,190.59,2,32
47,2048.0,198.48,2,32
48,4096.0,216.17,2,32
49,8192.0,238.24,2,32
50,16384.0,2157.25,2,32
51,32768.0,2189.37,2,32
52,65536.0,2301.71,2,32
53,131072.0,2410.87,2,32
54,262144.0,2710.51,2,32
55,524288.0,3573.69,2,32
56,1048576.0,4863.04,2,32
57,4.0,165.37,3,32
58,8.0,169.05,3,32
59,16.0,165.17,3,32
60,32.0,164.37,3,32
61,64.0,186.57,3,32
62,128.0,187.22,3,32
63,256.0,194.02,3,32
64,512.0,193.63,3,32
65,1024.0,191.89,3,32
66,2048.0,200.0,3,32
67,4096.0,213.48,3,32
68,8192.0,241.83,3,32
69,16384.0,2265.87,3,32
70,32768.0,2287.07,3,32
71,65536.0,2418.9,3,32
72,131072.0,2522.75,3,32
73,262144.0,2798.74,3,32
74,524288.0,3669.07,3,32
75,1048576.0,4959.65,3,32
76,4.0,165.57,4,32
77,8.0,160.63,4,32
78,16.0,161.52,4,32
79,32.0,159.87,4,32
80,64.0,186.11,4,32
81,128.0,188.03,4,32
82,256.0,202.51,4,32
83,512.0,188.92,4,32
84,1024.0,196.76,4,32
85,2048.0,201.51,4,32
86,4096.0,209.59,4,32
87,8192.0,246.58,4,32
88,16384.0,2318.5,4,32
89,32768.0,2335.75,4,32
90,65536.0,2518.66,4,32
91,131072.0,2542.2,4,32
92,262144.0,2837.3,4,32
93,524288.0,3842.48,4,32
94,1048576.0,5140.74,4,32
95,4.0,170.49,5,32
96,8.0,166.36,5,32
97,16.0,165.58,5,32
98,32.0,166.24,5,32
99,64.0,190.71,5,32
100,128.0,189.72,5,32
101,256.0,199.79,5,32
102,512.0,194.35,5,32
103,1024.0,198.74,5,32
104,2048.0,210.48,5,32
105,4096.0,216.23,5,32
106,8192.0,248.84,5,32
107,16384.0,2237.08,5,32
108,32768.0,2277.52,5,32
109,65536.0,2362.01,5,32
110,131072.0,2505.53,5,32
111,262144.0,2838.58,5,32
112,524288.0,3686.55,5,32
113,1048576.0,4992.46,5,32
114,4.0,178.25,6,32
115,8.0,167.22,6,32
116,16.0,169.56,6,32
117,32.0,167.99,6,32
118,64.0,190.3,6,32
119,128.0,191.32,6,32
120,256.0,194.56,6,32
121,512.0,194.75,6,32
122,1024.0,194.63,6,32
123,2048.0,208.62,6,32
124,4096.0,215.34,6,32
125,8192.0,243.16,6,32
126,16384.0,2253.94,6,32
127,32768.0,2284.7,6,32
128,65536.0,2379.89,6,32
129,131072.0,2510.61,6,32
130,262144.0,2789.44,6,32
131,524288.0,3780.01,6,32
132,1048576.0,4999.7,6,32
133,4.0,165.02,7,32
134,8.0,155.25,7,32
135,16.0,157.82,7,32
136,32.0,158.5,7,32
137,64.0,177.93,7,32
138,128.0,182.6,7,32
139,256.0,181.58,7,32
140,512.0,181.9,7,32
141,1024.0,187.4,7,32
142,2048.0,194.18,7,32
143,4096.0,204.45,7,32
144,8192.0,228.42,7,32
145,16384.0,2171.12,7,32
146,32768.0,2221.11,7,32
147,65536.0,2469.54,7,32
148,131072.0,2506.47,7,32
149,262144.0,2807.28,7,32
150,524288.0,3727.8,7,32
151,1048576.0,4943.09,7,32
152,4.0,167.02,8,32
153,8.0,160.77,8,32
154,16.0,161.56,8,32
155,32.0,164.2,8,32
156,64.0,187.44,8,32
157,128.0,187.73,8,32
158,256.0,188.9,8,32
159,512.0,185.92,8,32
160,1024.0,191.95,8,32
161,2048.0,195.38,8,32
162,4096.0,209.71,8,32
163,8192.0,240.23,8,32
164,16384.0,2265.54,8,32
165,32768.0,2270.83,8,32
166,65536.0,2395.21,8,32
167,131072.0,2509.21,8,32
168,262144.0,2769.77,8,32
169,524288.0,3705.09,8,32
170,1048576.0,4984.52,8,32
171,4.0,157.99,9,32
172,8.0,154.27,9,32
173,16.0,158.36,9,32
174,32.0,152.18,9,32
175,64.0,179.53,9,32
176,128.0,187.88,9,32
177,256.0,184.74,9,32
178,512.0,188.5,9,32
179,1024.0,185.48,9,32
180,2048.0,195.18,9,32
181,4096.0,206.13,9,32
182,8192.0,233.35,9,32
183,16384.0,2222.52,9,32
184,32768.0,2248.1,9,32
185,65536.0,2347.55,9,32
186,131072.0,2527.37,9,32
187,262144.0,2848.5,9,32
188,524288.0,3622.43,9,32
189,1048576.0,5320.37,9,32
190,4.0,162.19,10,32
191,8.0,163.13,10,32
192,16.0,156.35,10,32
193,32.0,167.4,10,32
194,64.0,181.7,10,32
195,128.0,182.62,10,32
196,256.0,190.75,10,32
197,512.0,188.92,10,32
198,1024.0,188.25,10,32
199,2048.0,201.44,10,32
200,4096.0,209.92,10,32
201,8192.0,239.59,10,32
202,16384.0,2301.24,10,32
203,32768.0,2335.09,10,32
204,65536.0,2530.72,10,32
205,131072.0,2517.1,10,32
206,262144.0,2836.53,10,32
207,524288.0,3781.9,10,32
208,1048576.0,4998.66,10,32
209,4.0,158.37,11,32
210,8.0,154.91,11,32
211,16.0,154.46,11,32
212,32.0,155.24,11,32
213,64.0,179.38,11,32
214,128.0,184.68,11,32
215,256.0,184.76,11,32
216,512.0,185.8,11,32
217,1024.0,192.92,11,32
218,2048.0,196.92,11,32
219,4096.0,208.23,11,32
220,8192.0,234.42,11,32
221,16384.0,2205.88,11,32
222,32768.0,2239.23,11,32
223,65536.0,2370.49,11,32
224,131072.0,2521.84,11,32
225,262144.0,2773.44,11,32
226,524288.0,3633.65,11,32
227,1048576.0,5042.07,11,32
228,4.0,205.43,0,64
229,8.0,207.56,0,64
230,16.0,201.3,0,64
231,32.0,203.81,0,64
232,64.0,232.52,0,64
233,128.0,241.03,0,64
234,256.0,236.92,0,64
235,512.0,248.98,0,64
236,1024.0,242.86,0,64
237,2048.0,257.77,0,64
238,4096.0,262.6,0,64
239,8192.0,296.63,0,64
240,16384.0,4829.98,0,64
241,32768.0,4838.45,0,64
242,65536.0,4869.55,0,64
243,131072.0,5177.15,0,64
244,262144.0,5257.55,0,64
245,524288.0,5902.23,0,64
246,1048576.0,7689.45,0,64
247,4.0,206.31,1,64
248,8.0,205.96,1,64
249,16.0,213.8,1,64
250,32.0,206.17,1,64
251,64.0,238.16,1,64
252,128.0,247.8,1,64
253,256.0,246.45,1,64
254,512.0,242.93,1,64
255,1024.0,241.86,1,64
256,2048.0,254.39,1,64
257,4096.0,261.64,1,64
258,8192.0,294.3,1,64
259,16384.0,4821.37,1,64
260,32768.0,4864.99,1,64
261,65536.0,4789.13,1,64
262,131072.0,5003.72,1,64
263,262144.0,5417.45,1,64
264,524288.0,5817.8,1,64
265,1048576.0,7631.64,1,64
266,4.0,207.3,2,64
267,8.0,205.45,2,64
268,16.0,204.71,2,64
269,32.0,207.3,2,64
270,64.0,233.93,2,64
271,128.0,239.78,2,64
272,256.0,237.07,2,64
273,512.0,242.24,2,64
274,1024.0,242.89,2,64
275,2048.0,253.3,2,64
276,4096.0,263.62,2,64
277,8192.0,298.73,2,64
278,16384.0,4835.34,2,64
279,32768.0,4822.81,2,64
280,65536.0,4858.18,2,64
281,131072.0,5084.58,2,64
282,262144.0,5296.03,2,64
283,524288.0,5803.73,2,64
284,1048576.0,7662.74,2,64
285,4.0,209.49,3,64
286,8.0,218.28,3,64
287,16.0,214.12,3,64
288,32.0,200.84,3,64
289,64.0,241.94,3,64
290,128.0,248.76,3,64
291,256.0,243.54,3,64
292,512.0,243.18,3,64
293,1024.0,242.03,3,64
294,2048.0,257.79,3,64
295,4096.0,266.77,3,64
296,8192.0,295.7,3,64
297,16384.0,4807.08,3,64
298,32768.0,4793.32,3,64
299,65536.0,4828.18,3,64
300,131072.0,5149.31,3,64
301,262144.0,5318.3,3,64
302,524288.0,5876.91,3,64
303,1048576.0,7717.34,3,64
304,4.0,211.76,4,64
305,8.0,211.25,4,64
306,16.0,209.77,4,64
307,32.0,204.31,4,64
308,64.0,243.1,4,64
309,128.0,241.62,4,64
310,256.0,240.48,4,64
311,512.0,246.69,4,64
312,1024.0,247.6,4,64
313,2048.0,263.43,4,64
314,4096.0,268.04,4,64
315,8192.0,302.42,4,64
316,16384.0,4812.67,4,64
317,32768.0,4831.17,4,64
318,65536.0,4778.05,4,64
319,131072.0,4990.3,4,64
320,262144.0,5210.69,4,64
321,524288.0,5882.62,4,64
322,1048576.0,7753.54,4,64
323,4.0,205.54,5,64
324,8.0,216.35,5,64
325,16.0,200.55,5,64
326,32.0,203.25,5,64
327,64.0,235.36,5,64
328,128.0,238.08,5,64
329,256.0,238.81,5,64
330,512.0,235.64,5,64
331,1024.0,234.03,5,64
332,2048.0,246.11,5,64
333,4096.0,266.37,5,64
334,8192.0,301.36,5,64
335,16384.0,4770.43,5,64
336,32768.0,4788.46,5,64
337,65536.0,4863.47,5,64
338,131072.0,5012.18,5,64
339,262144.0,5324.72,5,64
340,524288.0,5886.47,5,64
341,1048576.0,7580.24,5,64
342,4.0,209.89,6,64
343,8.0,200.36,6,64
344,16.0,206.83,6,64
345,32.0,197.64,6,64
346,64.0,231.92,6,64
347,128.0,232.15,6,64
348,256.0,238.55,6,64
349,512.0,238.12,6,64
350,1024.0,239.53,6,64
351,2048.0,258.58,6,64
352,4096.0,262.85,6,64
353,8192.0,293.73,6,64
354,16384.0,4843.55,6,64
355,32768.0,4885.36,6,64
356,65536.0,4877.52,6,64
357,131072.0,5079.39,6,64
358,262144.0,5403.13,6,64
359,524288.0,5888.78,6,64
360,1048576.0,7714.88,6,64
361,4.0,205.74,7,64
362,8.0,202.62,7,64
363,16.0,203.36,7,64
364,32.0,203.57,7,64
365,64.0,240.22,7,64
366,128.0,239.08,7,64
367,256.0,243.24,7,64
368,512.0,243.48,7,64
369,1024.0,246.46,7,64
370,2048.0,258.87,7,64
371,4096.0,268.32,7,64
372,8192.0,299.69,7,64
373,16384.0,4800.77,7,64
374,32768.0,4811.05,7,64
375,65536.0,4832.25,7,64
376,131072.0,5017.06,7,64
377,262144.0,5328.92,7,64
378,524288.0,5866.17,7,64
379,1048576.0,7609.56,7,64
380,4.0,215.47,8,64
381,8.0,212.16,8,64
382,16.0,212.06,8,64
383,32.0,211.18,8,64
384,64.0,236.48,8,64
385,128.0,243.76,8,64
386,256.0,248.75,8,64
387,512.0,247.3,8,64
388,1024.0,257.47,8,64
389,2048.0,254.22,8,64
390,4096.0,274.87,8,64
391,8192.0,297.88,8,64
392,16384.0,4847.01,8,64
393,32768.0,4905.25,8,64
394,65536.0,4956.72,8,64
395,131072.0,5215.34,8,64
396,262144.0,5342.15,8,64
397,524288.0,6070.51,8,64
398,1048576.0,7750.84,8,64
399,4.0,210.11,9,64
400,8.0,208.09,9,64
401,16.0,211.41,9,64
402,32.0,201.41,9,64
403,64.0,236.88,9,64
404,128.0,240.64,9,64
405,256.0,242.0,9,64
406,512.0,237.61,9,64
407,1024.0,240.0,9,64
408,2048.0,249.95,9,64
409,4096.0,280.2,9,64
410,8192.0,308.55,9,64
411,16384.0,4771.58,9,64
412,32768.0,4796.97,9,64
413,65536.0,4783.34,9,64
414,131072.0,5070.77,9,64
415,262144.0,5292.17,9,64
416,524288.0,5922.18,9,64
417,1048576.0,7665.08,9,64
418,4.0,209.77,10,64
419,8.0,203.76,10,64
420,16.0,204.71,10,64
421,32.0,205.11,10,64
422,64.0,257.25,10,64
423,128.0,235.53,10,64
424,256.0,249.99,10,64
425,512.0,240.65,10,64
426,1024.0,256.33,10,64
427,2048.0,249.34,10,64
428,4096.0,274.41,10,64
429,8192.0,298.27,10,64
430,16384.0,4876.88,10,64
431,32768.0,4922.06,10,64
432,65536.0,4841.69,10,64
433,131072.0,5223.37,10,64
434,262144.0,5357.58,10,64
435,524288.0,5887.05,10,64
436,1048576.0,7635.85,10,64
437,4.0,208.64,11,64
438,8.0,201.35,11,64
439,16.0,206.76,11,64
440,32.0,200.67,11,64
441,64.0,240.03,11,64
442,128.0,232.59,11,64
443,256.0,242.58,11,64
444,512.0,241.87,11,64
445,1024.0,237.73,11,64
446,2048.0,248.56,11,64
447,4096.0,264.09,11,64
448,8192.0,297.07,11,64
449,16384.0,4756.87,11,64
450,32768.0,4813.67,11,64
451,65536.0,4784.83,11,64
452,131072.0,5059.5,11,64
453,262144.0,5297.4,11,64
454,524288.0,5806.06,11,64
455,1048576.0,7638.66,11,64
456,4.0,96.94,0,8
457,8.0,95.57,0,8
458,16.0,95.07,0,8
459,32.0,95.51,0,8
460,64.0,109.34,0,8
461,128.0,113.99,0,8
462,256.0,112.38,0,8
463,512.0,113.1,0,8
464,1024.0,114.47,0,8
465,2048.0,123.36,0,8
466,4096.0,126.41,0,8
467,8192.0,144.47,0,8
468,16384.0,529.56,0,8
469,32768.0,550.51,0,8
470,65536.0,681.15,0,8
471,131072.0,789.99,0,8
472,262144.0,1028.23,0,8
473,524288.0,2703.69,0,8
474,1048576.0,3575.46,0,8
475,4.0,88.52,1,8
476,8.0,86.37,1,8
477,16.0,86.56,1,8
478,32.0,86.38,1,8
479,64.0,97.92,1,8
480,128.0,99.04,1,8
481,256.0,104.81,1,8
482,512.0,101.56,1,8
483,1024.0,103.95,1,8
484,2048.0,108.25,1,8
485,4096.0,114.52,1,8
486,8192.0,137.03,1,8
487,16384.0,485.66,1,8
488,32768.0,517.87,1,8
489,65536.0,595.74,1,8
490,131072.0,766.03,1,8
491,262144.0,1006.05,1,8
492,524288.0,2425.31,1,8
493,1048576.0,3260.38,1,8
494,4.0,90.52,2,8
495,8.0,89.83,2,8
496,16.0,90.02,2,8
497,32.0,88.82,2,8
498,64.0,105.84,2,8
499,128.0,106.2,2,8
500,256.0,109.23,2,8
501,512.0,110.04,2,8
502,1024.0,109.56,2,8
503,2048.0,115.6,2,8
504,4096.0,123.04,2,8
505,8192.0,138.36,2,8
506,16384.0,536.01,2,8
507,32768.0,568.61,2,8
508,65536.0,651.7,2,8
509,131072.0,827.92,2,8
510,262144.0,1078.37,2,8
511,524288.0,2630.72,2,8
512,1048576.0,3467.47,2,8
513,4.0,89.83,3,8
514,8.0,88.62,3,8
515,16.0,88.32,3,8
516,32.0,87.93,3,8
517,64.0,103.41,3,8
518,128.0,108.21,3,8
519,256.0,107.85,3,8
520,512.0,108.41,3,8
521,1024.0,109.57,3,8
522,2048.0,112.37,3,8
523,4096.0,120.27,3,8
524,8192.0,134.62,3,8
525,16384.0,522.07,3,8
526,32768.0,543.83,3,8
527,65536.0,608.06,3,8
528,131072.0,794.82,3,8
529,262144.0,1042.24,3,8
530,524288.0,2530.13,3,8
531,1048576.0,3344.04,3,8
532,4.0,101.14,4,8
533,8.0,89.63,4,8
534,16.0,90.1,4,8
535,32.0,90.19,4,8
536,64.0,106.36,4,8
537,128.0,106.51,4,8
538,256.0,107.45,4,8
539,512.0,106.09,4,8
540,1024.0,109.19,4,8
541,2048.0,115.05,4,8
542,4096.0,125.43,4,8
543,8192.0,137.84,4,8
544,16384.0,506.28,4,8
545,32768.0,541.06,4,8
546,65536.0,615.65,4,8
547,131072.0,807.26,4,8
548,262144.0,1057.85,4,8
549,524288.0,2587.72,4,8
550,1048576.0,3440.5,4,8
551,4.0,93.69,5,8
552,8.0,90.57,5,8
553,16.0,90.72,5,8
554,32.0,90.31,5,8
555,64.0,103.7,5,8
556,128.0,104.93,5,8
557,256.0,105.74,5,8
558,512.0,106.81,5,8
559,1024.0,108.99,5,8
560,2048.0,114.55,5,8
561,4096.0,119.84,5,8
562,8192.0,139.61,5,8
563,16384.0,551.06,5,8
564,32768.0,587.7,5,8
565,65536.0,692.73,5,8
566,131072.0,847.46,5,8
567,262144.0,1134.07,5,8
568,524288.0,2689.88,5,8
569,1048576.0,3588.84,5,8
570,4.0,89.92,6,8
571,8.0,88.14,6,8
572,16.0,88.13,6,8
573,32.0,88.03,6,8
574,64.0,101.2,6,8
575,128.0,101.84,6,8
576,256.0,103.97,6,8
577,512.0,104.24,6,8
578,1024.0,109.77,6,8
579,2048.0,112.17,6,8
580,4096.0,117.96,6,8
581,8192.0,136.26,6,8
582,16384.0,509.86,6,8
583,32768.0,533.83,6,8
584,65536.0,605.15,6,8
585,131072.0,787.96,6,8
586,262144.0,1021.49,6,8
587,524288.0,2509.01,6,8
588,1048576.0,3310.97,6,8
589,4.0,88.57,7,8
590,8.0,86.56,7,8
591,16.0,89.11,7,8
592,32.0,86.56,7,8
593,64.0,100.02,7,8
594,128.0,103.69,7,8
595,256.0,105.05,7,8
596,512.0,106.41,7,8
597,1024.0,107.79,7,8
598,2048.0,111.47,7,8
599,4096.0,119.19,7,8
600,8192.0,136.77,7,8
601,16384.0,504.37,7,8
602,32768.0,529.6,7,8
603,65536.0,593.39,7,8
604,131072.0,778.54,7,8
605,262144.0,1016.78,7,8
606,524288.0,2556.51,7,8
607,1048576.0,3341.74,7,8
608,4.0,89.04,8,8
609,8.0,86.02,8,8
610,16.0,86.04,8,8
611,32.0,86.08,8,8
612,64.0,99.96,8,8
613,128.0,100.89,8,8
614,256.0,102.1,8,8
615,512.0,103.45,8,8
616,1024.0,105.69,8,8
617,2048.0,110.18,8,8
618,4096.0,117.62,8,8
619,8192.0,135.46,8,8
620,16384.0,519.38,8,8
621,32768.0,553.94,8,8
622,65536.0,611.74,8,8
623,131072.0,797.43,8,8
624,262144.0,1062.54,8,8
625,524288.0,2603.26,8,8
626,1048576.0,3490.44,8,8
627,4.0,85.99,9,8
628,8.0,83.89,9,8
629,16.0,86.48,9,8
630,32.0,85.56,9,8
631,64.0,97.38,9,8
632,128.0,98.04,9,8
633,256.0,100.13,9,8
634,512.0,100.03,9,8
635,1024.0,101.57,9,8
636,2048.0,105.9,9,8
637,4096.0,112.04,9,8
638,8192.0,129.11,9,8
639,16384.0,482.79,9,8
640,32768.0,507.42,9,8
641,65536.0,572.56,9,8
642,131072.0,751.63,9,8
643,262144.0,991.41,9,8
644,524288.0,2411.19,9,8
645,1048576.0,3220.54,9,8
646,4.0,89.87,10,8
647,8.0,87.99,10,8
648,16.0,87.86,10,8
649,32.0,87.68,10,8
650,64.0,101.76,10,8
651,128.0,102.24,10,8
652,256.0,104.2,10,8
653,512.0,104.47,10,8
654,1024.0,106.75,10,8
655,2048.0,111.91,10,8
656,4096.0,119.36,10,8
657,8192.0,138.19,10,8
658,16384.0,504.85,10,8
659,32768.0,535.96,10,8
660,65536.0,607.13,10,8
661,131072.0,810.71,10,8
662,262144.0,1012.82,10,8
663,524288.0,2441.14,10,8
664,1048576.0,3311.07,10,8
665,4.0,90.89,11,8
666,8.0,88.98,11,8
667,16.0,88.11,11,8
668,32.0,88.15,11,8
669,64.0,102.48,11,8
670,128.0,101.76,11,8
671,256.0,103.71,11,8
672,512.0,104.31,11,8
673,1024.0,105.28,11,8
674,2048.0,110.2,11,8
675,4096.0,116.41,11,8
676,8192.0,134.37,11,8
677,16384.0,507.74,11,8
678,32768.0,536.93,11,8
679,65536.0,598.23,11,8
680,131072.0,773.74,11,8
681,262144.0,1047.2,11,8
682,524288.0,2540.88,11,8
683,1048576.0,3438.05,11,8
684,4.0,59.76,0,4
685,8.0,57.56,0,4
686,16.0,57.6,0,4
687,32.0,57.46,0,4
688,64.0,65.52,0,4
689,128.0,65.69,0,4
690,256.0,66.83,0,4
691,512.0,66.87,0,4
692,1024.0,67.48,0,4
693,2048.0,69.82,0,4
694,4096.0,74.61,0,4
695,8192.0,86.99,0,4
696,16384.0,219.39,0,4
697,32768.0,249.71,0,4
698,65536.0,330.21,0,4
699,131072.0,429.85,0,4
700,262144.0,986.06,0,4
701,524288.0,1322.05,0,4
702,1048576.0,2066.62,0,4
703,4.0,58.65,1,4
704,8.0,57.6,1,4
705,16.0,57.12,1,4
706,32.0,57.68,1,4
707,64.0,65.23,1,4
708,128.0,65.35,1,4
709,256.0,66.55,1,4
710,512.0,66.99,1,4
711,1024.0,68.73,1,4
712,2048.0,71.44,1,4
713,4096.0,76.8,1,4
714,8192.0,88.95,1,4
715,16384.0,220.76,1,4
716,32768.0,254.49,1,4
717,65536.0,333.89,1,4
718,131072.0,436.5,1,4
719,262144.0,1018.82,1,4
720,524288.0,1343.94,1,4
721,1048576.0,2122.84,1,4
722,4.0,56.88,2,4
723,8.0,59.67,2,4
724,16.0,56.02,2,4
725,32.0,56.23,2,4
726,64.0,64.42,2,4
727,128.0,65.52,2,4
728,256.0,67.09,2,4
729,512.0,68.72,2,4
730,1024.0,68.67,2,4
731,2048.0,71.7,2,4
732,4096.0,73.83,2,4
733,8192.0,85.89,2,4
734,16384.0,221.48,2,4
735,32768.0,250.48,2,4
736,65536.0,323.32,2,4
737,131072.0,416.58,2,4
738,262144.0,987.84,2,4
739,524288.0,1269.86,2,4
740,1048576.0,1976.18,2,4
741,4.0,59.23,3,4
742,8.0,57.55,3,4
743,16.0,57.84,3,4
744,32.0,57.81,3,4
745,64.0,65.16,3,4
746,128.0,65.64,3,4
747,256.0,66.74,3,4
748,512.0,67.07,3,4
749,1024.0,68.1,3,4
750,2048.0,71.25,3,4
751,4096.0,75.99,3,4
752,8192.0,86.91,3,4
753,16384.0,216.93,3,4
754,32768.0,244.55,3,4
755,65536.0,317.41,3,4
756,131072.0,420.95,3,4
757,262144.0,982.83,3,4
758,524288.0,1261.47,3,4
759,1048576.0,2001.95,3,4
760,4.0,58.16,4,4
761,8.0,56.76,4,4
762,16.0,56.73,4,4
763,32.0,56.87,4,4
764,64.0,64.27,4,4
765,128.0,64.85,4,4
766,256.0,65.76,4,4
767,512.0,66.81,4,4
768,1024.0,66.87,4,4
769,2048.0,69.89,4,4
770,4096.0,74.43,4,4
771,8192.0,86.12,4,4
772,16384.0,212.49,4,4
773,32768.0,249.69,4,4
774,65536.0,308.37,4,4
775,131072.0,401.77,4,4
776,262144.0,981.86,4,4
777,524288.0,1302.23,4,4
778,1048576.0,2178.04,4,4
779,4.0,54.11,5,4
780,8.0,55.29,5,4
781,16.0,51.68,5,4
782,32.0,52.0,5,4
783,64.0,61.03,5,4
784,128.0,61.48,5,4
785,256.0,62.49,5,4
786,512.0,62.23,5,4
787,1024.0,63.13,5,4
788,2048.0,67.16,5,4
789,4096.0,70.32,5,4
790,8192.0,82.13,5,4
791,16384.0,208.8,5,4
792,32768.0,238.35,5,4
793,65536.0,312.34,5,4
794,131072.0,419.11,5,4
795,262144.0,962.54,5,4
796,524288.0,1282.89,5,4
797,1048576.0,2030.04,5,4
798,4.0,58.52,6,4
799,8.0,57.95,6,4
800,16.0,57.07,6,4
801,32.0,57.06,6,4
802,64.0,64.59,6,4
803,128.0,65.3,6,4
804,256.0,66.12,6,4
805,512.0,66.48,6,4
806,1024.0,67.52,6,4
807,2048.0,70.88,6,4
808,4096.0,75.94,6,4
809,8192.0,87.18,6,4
810,16384.0,228.12,6,4
811,32768.0,256.7,6,4
812,65536.0,333.85,6,4
813,131072.0,432.77,6,4
814,262144.0,1012.54,6,4
815,524288.0,1328.79,6,4
816,1048576.0,2071.24,6,4
817,4.0,67.12,7,4
818,8.0,66.24,7,4
819,16.0,67.7,7,4
820,32.0,66.07,7,4
821,64.0,78.42,7,4
822,128.0,79.44,7,4
823,256.0,79.7,7,4
824,512.0,79.96,7,4
825,1024.0,80.94,7,4
826,2048.0,84.05,7,4
827,4096.0,89.35,7,4
828,8192.0,102.66,7,4
829,16384.0,272.68,7,4
830,32768.0,306.83,7,4
831,65536.0,382.39,7,4
832,131072.0,491.58,7,4
833,262144.0,1175.72,7,4
834,524288.0,1525.3,7,4
835,1048576.0,2217.79,7,4
836,4.0,65.57,8,4
837,8.0,66.66,8,4
838,16.0,64.52,8,4
839,32.0,64.55,8,4
840,64.0,74.19,8,4
841,128.0,75.13,8,4
842,256.0,75.82,8,4
843,512.0,75.9,8,4
844,1024.0,76.94,8,4
845,2048.0,80.68,8,4
846,4096.0,88.26,8,4
847,8192.0,97.3,8,4
848,16384.0,256.73,8,4
849,32768.0,291.34,8,4
850,65536.0,365.49,8,4
851,131072.0,463.87,8,4
852,262144.0,1157.49,8,4
853,524288.0,1574.77,8,4
854,1048576.0,2325.96,8,4
855,4.0,61.29,9,4
856,8.0,59.59,9,4
857,16.0,60.18,9,4
858,32.0,59.29,9,4
859,64.0,67.99,9,4
860,128.0,68.07,9,4
861,256.0,68.81,9,4
862,512.0,70.2,9,4
863,1024.0,70.59,9,4
864,2048.0,73.81,9,4
865,4096.0,77.79,9,4
866,8192.0,90.33,9,4
867,16384.0,249.68,9,4
868,32768.0,278.53,9,4
869,65536.0,349.4,9,4
870,131072.0,451.63,9,4
871,262144.0,1052.38,9,4
872,524288.0,1422.36,9,4
873,1048576.0,2113.22,9,4
874,4.0,49.41,10,4
875,8.0,47.12,10,4
876,16.0,47.17,10,4
877,32.0,47.12,10,4
878,64.0,55.81,10,4
879,128.0,56.08,10,4
880,256.0,57.26,10,4
881,512.0,57.75,10,4
882,1024.0,58.4,10,4
883,2048.0,60.88,10,4
884,4096.0,64.48,10,4
885,8192.0,72.97,10,4
886,16384.0,194.27,10,4
887,32768.0,214.58,10,4
888,65536.0,287.35,10,4
889,131072.0,386.66,10,4
890,262144.0,899.74,10,4
891,524288.0,1177.81,10,4
892,1048576.0,1819.77,10,4
893,4.0,59.78,11,4
894,8.0,58.89,11,4
895,16.0,58.87,11,4
896,32.0,58.57,11,4
897,64.0,66.56,11,4
898,128.0,67.46,11,4
899,256.0,68.38,11,4
900,512.0,68.12,11,4
901,1024.0,69.68,11,4
902,2048.0,72.02,11,4
903,4096.0,76.44,11,4
904,8192.0,90.32,11,4
905,16384.0,218.66,11,4
906,32768.0,247.99,11,4
907,65536.0,320.71,11,4
908,131072.0,418.47,11,4
909,262144.0,979.25,11,4
910,524288.0,1281.48,11,4
911,1048576.0,1941.27,11,4
912,4.0,121.41,0,16
913,8.0,117.22,0,16
914,16.0,122.31,0,16
915,32.0,118.39,0,16
916,64.0,137.73,0,16
917,128.0,139.27,0,16
918,256.0,145.35,0,16
919,512.0,143.74,0,16
920,1024.0,144.69,0,16
921,2048.0,149.19,0,16
922,4096.0,158.42,0,16
923,8192.0,178.18,0,16
924,16384.0,1017.79,0,16
925,32768.0,1083.64,0,16
926,65536.0,1126.55,0,16
927,131072.0,1268.99,0,16
928,262144.0,1662.57,0,16
929,524288.0,2384.15,0,16
930,1048576.0,5617.34,0,16
931,4.0,128.77,1,16
932,8.0,126.56,1,16
933,16.0,124.56,1,16
934,32.0,124.57,1,16
935,64.0,145.68,1,16
936,128.0,144.05,1,16
937,256.0,148.25,1,16
938,512.0,149.77,1,16
939,1024.0,149.61,1,16
940,2048.0,158.78,1,16
941,4096.0,169.13,1,16
942,8192.0,188.45,1,16
943,16384.0,1057.28,1,16
944,32768.0,1113.48,1,16
945,65536.0,1165.63,1,16
946,131072.0,1315.3,1,16
947,262144.0,1731.58,1,16
948,524288.0,2291.56,1,16
949,1048576.0,5617.32,1,16
950,4.0,130.87,2,16
951,8.0,122.07,2,16
952,16.0,121.84,2,16
953,32.0,122.58,2,16
954,64.0,147.69,2,16
955,128.0,142.62,2,16
956,256.0,145.17,2,16
957,512.0,146.67,2,16
958,1024.0,147.54,2,16
959,2048.0,154.04,2,16
960,4096.0,163.11,2,16
961,8192.0,185.72,2,16
962,16384.0,1063.54,2,16
963,32768.0,1119.24,2,16
964,65536.0,1167.38,2,16
965,131072.0,1306.69,2,16
966,262144.0,1724.02,2,16
967,524288.0,2290.43,2,16
968,1048576.0,5776.93,2,16
969,4.0,127.71,3,16
970,8.0,123.06,3,16
971,16.0,122.2,3,16
972,32.0,122.82,3,16
973,64.0,144.29,3,16
974,128.0,145.69,3,16
975,256.0,146.64,3,16
976,512.0,151.55,3,16
977,1024.0,145.83,3,16
978,2048.0,153.58,3,16
979,4096.0,164.62,3,16
980,8192.0,184.58,3,16
981,16384.0,1082.18,3,16
982,32768.0,1147.11,3,16
983,65536.0,1188.79,3,16
984,131072.0,1322.55,3,16
985,262144.0,1739.57,3,16
986,524288.0,2298.86,3,16
987,1048576.0,5703.77,3,16
988,4.0,124.04,4,16
989,8.0,120.55,4,16
990,16.0,121.09,4,16
991,32.0,119.91,4,16
992,64.0,144.77,4,16
993,128.0,146.03,4,16
994,256.0,148.06,4,16
995,512.0,150.3,4,16
996,1024.0,152.47,4,16
997,2048.0,158.95,4,16
998,4096.0,164.85,4,16
999,8192.0,188.17,4,16
1000,16384.0,1098.71,4,16
1001,32768.0,1153.73,4,16
1002,65536.0,1209.07,4,16
1003,131072.0,1355.42,4,16
1004,262144.0,1763.82,4,16
1005,524288.0,2332.19,4,16
1006,1048576.0,5660.04,4,16
1007,4.0,132.28,5,16
1008,8.0,127.83,5,16
1009,16.0,132.31,5,16
1010,32.0,128.54,5,16
1011,64.0,146.32,5,16
1012,128.0,148.47,5,16
1013,256.0,149.08,5,16
1014,512.0,150.25,5,16
1015,1024.0,151.24,5,16
1016,2048.0,162.12,5,16
1017,4096.0,166.01,5,16
1018,8192.0,186.56,5,16
1019,16384.0,1074.22,5,16
1020,32768.0,1127.51,5,16
1021,65536.0,1233.44,5,16
1022,131072.0,1350.84,5,16
1023,262144.0,1752.99,5,16
1024,524288.0,2370.4,5,16
1025,1048576.0,5773.16,5,16
1026,4.0,121.29,6,16
1027,8.0,118.76,6,16
1028,16.0,119.34,6,16
1029,32.0,119.48,6,16
1030,64.0,140.01,6,16
1031,128.0,141.6,6,16
1032,256.0,143.37,6,16
1033,512.0,143.38,6,16
1034,1024.0,149.57,6,16
1035,2048.0,151.17,6,16
1036,4096.0,158.73,6,16
1037,8192.0,186.34,6,16
1038,16384.0,1040.23,6,16
1039,32768.0,1094.84,6,16
1040,65536.0,1148.75,6,16
1041,131072.0,1276.67,6,16
1042,262144.0,1685.79,6,16
1043,524288.0,2304.34,6,16
1044,1048576.0,5619.86,6,16
1045,4.0,124.92,7,16
1046,8.0,122.13,7,16
1047,16.0,121.79,7,16
1048,32.0,120.86,7,16
1049,64.0,140.56,7,16
1050,128.0,142.82,7,16
1051,256.0,145.08,7,16
1052,512.0,145.23,7,16
1053,1024.0,144.62,7,16
1054,2048.0,152.58,7,16
1055,4096.0,160.14,7,16
1056,8192.0,180.51,7,16
1057,16384.0,1036.56,7,16
1058,32768.0,1097.37,7,16
1059,65536.0,1150.49,7,16
1060,131072.0,1301.48,7,16
1061,262144.0,1698.44,7,16
1062,524288.0,2253.06,7,16
1063,1048576.0,5465.1,7,16
1064,4.0,126.48,8,16
1065,8.0,119.69,8,16
1066,16.0,124.28,8,16
1067,32.0,120.26,8,16
1068,64.0,143.4,8,16
1069,128.0,142.45,8,16
1070,256.0,143.09,8,16
1071,512.0,145.61,8,16
1072,1024.0,147.56,8,16
1073,2048.0,150.37,8,16
1074,4096.0,162.6,8,16
1075,8192.0,183.48,8,16
1076,16384.0,1064.3,8,16
1077,32768.0,1127.75,8,16
1078,65536.0,1226.78,8,16
1079,131072.0,1305.0,8,16
1080,262144.0,1692.81,8,16
1081,524288.0,2288.7,8,16
1082,1048576.0,5685.43,8,16
1083,4.0,127.45,9,16
1084,8.0,119.75,9,16
1085,16.0,122.58,9,16
1086,32.0,121.13,9,16
1087,64.0,141.41,9,16
1088,128.0,142.12,9,16
1089,256.0,145.27,9,16
1090,512.0,146.63,9,16
1091,1024.0,148.74,9,16
1092,2048.0,156.76,9,16
1093,4096.0,162.84,9,16
1094,8192.0,185.26,9,16
1095,16384.0,1036.57,9,16
1096,32768.0,1104.31,9,16
1097,65536.0,1152.02,9,16
1098,131072.0,1280.51,9,16
1099,262144.0,1701.55,9,16
1100,524288.0,2361.27,9,16
1101,1048576.0,5693.34,9,16
1102,4.0,129.4,10,16
1103,8.0,130.27,10,16
1104,16.0,129.29,10,16
1105,32.0,126.9,10,16
1106,64.0,143.01,10,16
1107,128.0,146.97,10,16
1108,256.0,148.81,10,16
1109,512.0,149.11,10,16
1110,1024.0,150.82,10,16
1111,2048.0,156.54,10,16
1112,4096.0,163.83,10,16
1113,8192.0,188.75,10,16
1114,16384.0,1065.44,10,16
1115,32768.0,1128.16,10,16
1116,65536.0,1168.05,10,16
1117,131072.0,1320.17,10,16
1118,262144.0,1719.16,10,16
1119,524288.0,2336.1,10,16
1120,1048576.0,5548.18,10,16
1121,4.0,126.96,11,16
1122,8.0,124.21,11,16
1123,16.0,123.38,11,16
1124,32.0,123.3,11,16
1125,64.0,145.18,11,16
1126,128.0,144.74,11,16
1127,256.0,146.74,11,16
1128,512.0,147.06,11,16
1129,1024.0,148.08,11,16
1130,2048.0,155.08,11,16
1131,4096.0,163.57,11,16
1132,8192.0,186.69,11,16
1133,16384.0,1106.2,11,16
1134,32768.0,1161.75,11,16
1135,65536.0,1209.57,11,16
1136,131072.0,1488.95,11,16
1137,262144.0,1761.6,11,16
1138,524288.0,2329.27,11,16
1139,1048576.0,5775.18,11,16
