,Size,MB/s,Messages/s,iter,pods
0,1.0,5.51,5512731.39,0,64
1,2.0,11.0,5501364.34,0,64
2,4.0,19.82,4954375.36,0,64
3,8.0,44.61,5576567.83,0,64
4,16.0,88.7,5543495.33,0,64
5,32.0,176.96,5529938.94,0,64
6,64.0,339.78,5309088.63,0,64
7,128.0,646.8,5053104.1,0,64
8,256.0,1105.1,4316814.38,0,64
9,512.0,2643.79,5163654.18,0,64
10,1024.0,5178.06,5056700.98,0,64
11,2048.0,9916.52,4842053.19,0,64
12,4096.0,19021.33,4643878.99,0,64
13,8192.0,24090.84,2940776.19,0,64
14,16384.0,27106.74,1654464.29,0,64
15,32768.0,38206.02,1165955.06,0,64
16,65536.0,39116.38,596868.66,0,64
17,131072.0,39202.7,299092.84,0,64
18,262144.0,38496.32,146851.8,0,64
19,524288.0,38312.12,73074.58,0,64
20,1048576.0,39208.71,37392.34,0,64
21,2097152.0,39182.98,18683.9,0,64
22,4194304.0,39076.39,9316.54,0,64
23,1.0,5.42,5416657.18,1,64
24,2.0,9.37,4684244.95,1,64
25,4.0,21.76,5439527.65,1,64
26,8.0,42.87,5358769.91,1,64
27,16.0,85.77,5360573.84,1,64
28,32.0,167.62,5238200.52,1,64
29,64.0,328.14,5127261.23,1,64
30,128.0,644.66,5036377.13,1,64
31,256.0,1207.58,4717128.13,1,64
32,512.0,2574.44,5028195.46,1,64
33,1024.0,5034.39,4916393.46,1,64
34,2048.0,9862.05,4815456.11,1,64
35,4096.0,17922.13,4375518.82,1,64
36,8192.0,22987.93,2806143.97,1,64
37,16384.0,32397.39,1977379.8,1,64
38,32768.0,38112.97,1163115.41,1,64
39,65536.0,36321.87,554227.75,1,64
40,131072.0,39567.75,301877.96,1,64
41,262144.0,39165.89,149406.01,1,64
42,524288.0,36556.06,69725.15,1,64
43,1048576.0,38994.69,37188.23,1,64
44,2097152.0,38768.02,18486.03,1,64
45,4194304.0,38824.18,9256.41,1,64
46,1.0,5.29,5289941.62,2,64
47,2.0,10.62,5310713.43,2,64
48,4.0,21.08,5270970.75,2,64
49,8.0,42.1,5262524.96,2,64
50,16.0,84.21,5262908.22,2,64
51,32.0,161.91,5059819.27,2,64
52,64.0,311.05,4860104.92,2,64
53,128.0,646.66,5052067.38,2,64
54,256.0,1144.91,4472306.58,2,64
55,512.0,2577.21,5033607.07,2,64
56,1024.0,5026.14,4908336.34,2,64
57,2048.0,10063.84,4913983.57,2,64
58,4096.0,18322.81,4473343.13,2,64
59,8192.0,25226.3,3079381.72,2,64
60,16384.0,35041.81,2138782.13,2,64
61,32768.0,33067.38,1009136.46,2,64
62,65536.0,38638.89,589582.65,2,64
63,131072.0,39273.6,299633.79,2,64
64,262144.0,37418.82,142741.48,2,64
65,524288.0,39058.55,74498.27,2,64
66,1048576.0,39172.64,37357.94,2,64
67,2097152.0,39308.02,18743.52,2,64
68,4194304.0,39186.16,9342.71,2,64
69,1.0,4.58,4584678.09,3,64
70,2.0,9.32,4658101.92,3,64
71,4.0,18.67,4667657.97,3,64
72,8.0,36.89,4611170.69,3,64
73,16.0,74.6,4662318.49,3,64
74,32.0,145.39,4543469.4,3,64
75,64.0,297.47,4647979.76,3,64
76,128.0,558.2,4360962.58,3,64
77,256.0,1087.53,4248169.96,3,64
78,512.0,2198.77,4294479.15,3,64
79,1024.0,3011.37,2940786.53,3,64
80,2048.0,7582.25,3702272.43,3,64
81,4096.0,16615.63,4056550.21,3,64
82,8192.0,19906.84,2430033.83,3,64
83,16384.0,33899.24,2069045.48,3,64
84,32768.0,36548.62,1115375.46,3,64
85,65536.0,39685.38,605550.81,3,64
86,131072.0,39303.37,299860.93,3,64
87,262144.0,39308.37,149949.52,3,64
88,524288.0,37216.57,70984.97,3,64
89,1048576.0,39250.06,37431.78,3,64
90,2097152.0,39012.33,18602.53,3,64
91,4194304.0,38979.33,9293.4,3,64
92,1.0,5.31,5311930.13,4,64
93,2.0,10.8,5399063.42,4,64
94,4.0,21.84,5458905.65,4,64
95,8.0,43.52,5439449.77,4,64
96,16.0,80.76,5047758.13,4,64
97,32.0,171.69,5365341.65,4,64
98,64.0,333.17,5205780.86,4,64
99,128.0,634.95,4960561.96,4,64
100,256.0,1062.99,4152323.44,4,64
101,512.0,2468.18,4820660.37,4,64
102,1024.0,5089.26,4969984.14,4,64
103,2048.0,10026.4,4895704.4,4,64
104,4096.0,18219.91,4448221.19,4,64
105,8192.0,26561.07,3242317.82,4,64
106,16384.0,34682.02,2116822.76,4,64
107,32768.0,37111.22,1132544.45,4,64
108,65536.0,39590.89,604109.07,4,64
109,131072.0,39458.29,301042.84,4,64
110,262144.0,39491.74,150649.04,4,64
111,524288.0,37216.49,70984.82,4,64
112,1048576.0,39443.15,37615.92,4,64
113,2097152.0,39284.62,18732.37,4,64
114,4194304.0,39337.52,9378.8,4,64
115,1.0,5.34,5335114.9,5,64
116,2.0,10.97,5486773.53,5,64
117,4.0,21.69,5421867.06,5,64
118,8.0,43.25,5405967.86,5,64
119,16.0,86.28,5392204.13,5,64
120,32.0,172.25,5382911.49,5,64
121,64.0,325.41,5084489.29,5,64
122,128.0,641.4,5010927.39,5,64
123,256.0,1146.51,4478571.39,5,64
124,512.0,2592.85,5064168.05,5,64
125,1024.0,4958.97,4842743.38,5,64
126,2048.0,9931.0,4849119.69,5,64
127,4096.0,18350.17,4480020.94,5,64
128,8192.0,22941.3,2800451.45,5,64
129,16384.0,37281.46,2275479.81,5,64
130,32768.0,36727.49,1120833.9,5,64
131,65536.0,37297.94,569121.47,5,64
132,131072.0,39652.65,302525.74,5,64
133,262144.0,39384.45,150239.76,5,64
134,524288.0,36545.12,69704.28,5,64
135,1048576.0,39286.35,37466.38,5,64
136,2097152.0,38900.12,18549.02,5,64
137,4194304.0,39093.88,9320.71,5,64
138,1.0,4.94,4935734.95,6,64
139,2.0,9.93,4966159.19,6,64
140,4.0,18.9,4725052.25,6,64
141,8.0,41.95,5244111.74,6,64
142,16.0,80.87,5054483.16,6,64
143,32.0,158.84,4963776.43,6,64
144,64.0,322.55,5039906.93,6,64
145,128.0,599.89,4686624.76,6,64
146,256.0,1078.32,4212203.4,6,64
147,512.0,2431.25,4748541.98,6,64
148,1024.0,4944.77,4828873.95,6,64
149,2048.0,9444.77,4611704.61,6,64
150,4096.0,17785.12,4342069.97,6,64
151,8192.0,24937.9,3044177.54,6,64
152,16384.0,30736.28,1875993.8,6,64
153,32768.0,37440.56,1142595.15,6,64
154,65536.0,39660.98,605178.52,6,64
155,131072.0,38986.69,297444.8,6,64
156,262144.0,39079.41,149076.11,6,64
157,524288.0,37205.5,70963.87,6,64
158,1048576.0,38807.65,37009.86,6,64
159,2097152.0,38969.65,18582.18,6,64
160,4194304.0,39055.56,9311.57,6,64
161,1.0,4.7,4702376.75,7,64
162,2.0,8.52,4258154.62,7,64
163,4.0,19.43,4858066.99,7,64
164,8.0,37.45,4681386.18,7,64
165,16.0,67.35,4209584.18,7,64
166,32.0,149.57,4674183.83,7,64
167,64.0,282.17,4408828.33,7,64
168,128.0,560.6,4379683.11,7,64
169,256.0,1138.21,4446119.65,7,64
170,512.0,2351.01,4591823.96,7,64
171,1024.0,4579.02,4471699.39,7,64
172,2048.0,6761.42,3301476.72,7,64
173,4096.0,16833.14,4109652.18,7,64
174,8192.0,22061.5,2693054.11,7,64
175,16384.0,29162.98,1779967.34,7,64
176,32768.0,36523.06,1114595.41,7,64
177,65536.0,36657.45,559348.25,7,64
178,131072.0,37432.93,285590.62,7,64
179,262144.0,36158.6,137934.13,7,64
180,524288.0,38749.95,73909.67,7,64
181,1048576.0,38190.1,36420.91,7,64
182,2097152.0,38471.18,18344.49,7,64
183,4194304.0,37638.36,8973.69,7,64
184,1.0,5.08,5078244.14,8,64
185,2.0,8.11,4054113.07,8,64
186,4.0,19.9,4973790.09,8,64
187,8.0,39.97,4995818.93,8,64
188,16.0,79.65,4977922.5,8,64
189,32.0,158.68,4958905.97,8,64
190,64.0,313.54,4899063.27,8,64
191,128.0,601.13,4696315.88,8,64
192,256.0,1098.38,4290532.85,8,64
193,512.0,2024.08,3953284.15,8,64
194,1024.0,4642.09,4533294.86,8,64
195,2048.0,8986.16,4387771.16,8,64
196,4096.0,17756.59,4335103.96,8,64
197,8192.0,25258.68,3083335.4,8,64
198,16384.0,22686.8,1384692.38,8,64
199,32768.0,25994.77,793297.51,8,64
200,65536.0,36949.39,563802.94,8,64
201,131072.0,38380.54,292820.29,8,64
202,262144.0,39359.49,150144.54,8,64
203,524288.0,37285.13,71115.74,8,64
204,1048576.0,38996.51,37189.97,8,64
205,2097152.0,39148.57,18667.5,8,64
206,4194304.0,39073.27,9315.79,8,64
207,1.0,5.05,5053911.39,9,64
208,2.0,10.44,5222160.34,9,64
209,4.0,20.94,5235994.96,9,64
210,8.0,42.24,5280276.46,9,64
211,16.0,56.69,3543312.0,9,64
212,32.0,160.16,5004994.85,9,64
213,64.0,317.61,4962732.62,9,64
214,128.0,629.06,4914514.92,9,64
215,256.0,1246.04,4867342.34,9,64
216,512.0,2504.51,4891625.07,9,64
217,1024.0,4816.01,4703134.5,9,64
218,2048.0,9609.46,4692118.55,9,64
219,4096.0,18550.17,4528850.6,9,64
220,8192.0,20602.4,2514941.61,9,64
221,16384.0,20754.73,1266767.93,9,64
222,32768.0,33855.08,1033175.1,9,64
223,65536.0,38630.29,589451.49,9,64
224,131072.0,38233.97,291702.08,9,64
225,262144.0,38997.35,148763.1,9,64
226,524288.0,37366.73,71271.38,9,64
227,1048576.0,39054.96,37245.71,9,64
228,2097152.0,39027.91,18609.96,9,64
229,4194304.0,38945.22,9285.26,9,64
230,1.0,4.81,4810841.16,10,64
231,2.0,10.67,5334748.57,10,64
232,4.0,21.2,5299255.94,10,64
233,8.0,41.39,5173506.34,10,64
234,16.0,83.12,5194824.43,10,64
235,32.0,157.53,4922772.33,10,64
236,64.0,305.97,4780758.23,10,64
237,128.0,624.58,4879565.39,10,64
238,256.0,1168.44,4564223.52,10,64
239,512.0,2476.9,4837692.35,10,64
240,1024.0,4820.62,4707634.41,10,64
241,2048.0,9553.43,4664761.28,10,64
242,4096.0,17597.71,4296316.26,10,64
243,8192.0,21017.33,2565592.12,10,64
244,16384.0,33066.01,2018189.19,10,64
245,32768.0,38246.21,1167181.8,10,64
246,65536.0,36982.93,564314.8,10,64
247,131072.0,39465.69,301099.33,10,64
248,262144.0,37012.42,141191.17,10,64
249,524288.0,38946.66,74284.86,10,64
250,1048576.0,38644.45,36854.22,10,64
251,2097152.0,38719.08,18462.7,10,64
252,4194304.0,38712.95,9229.89,10,64
253,1.0,4.53,4525938.24,11,64
254,2.0,9.44,4722497.14,11,64
255,4.0,19.73,4931685.08,11,64
256,8.0,38.52,4814495.69,11,64
257,16.0,72.28,4517523.23,11,64
258,32.0,141.65,4426652.53,11,64
259,64.0,302.18,4721569.96,11,64
260,128.0,576.53,4504162.82,11,64
261,256.0,1132.12,4422350.06,11,64
262,512.0,2292.05,4476651.76,11,64
263,1024.0,4399.84,4296716.29,11,64
264,2048.0,8470.55,4136009.69,11,64
265,4096.0,15980.1,3901391.19,11,64
266,8192.0,23243.01,2837281.61,11,64
267,16384.0,35187.27,2147660.56,11,64
268,32768.0,38826.64,1184895.16,11,64
269,65536.0,39864.53,608284.44,11,64
270,131072.0,39231.81,299314.99,11,64
271,262144.0,39252.41,149736.05,11,64
272,524288.0,37303.55,71150.87,11,64
273,1048576.0,39134.96,37322.0,11,64
274,2097152.0,39255.31,18718.39,11,64
275,4194304.0,39370.59,9386.68,11,64
276,1.0,4.83,4829057.5,12,64
277,2.0,9.9,4950944.31,12,64
278,4.0,19.58,4895450.23,12,64
279,8.0,39.5,4936919.17,12,64
280,16.0,78.52,4907461.05,12,64
281,32.0,128.4,4012349.49,12,64
282,64.0,302.79,4731038.28,12,64
283,128.0,555.39,4338967.88,12,64
284,256.0,1148.65,4486907.06,12,64
285,512.0,2269.31,4432242.79,12,64
286,1024.0,3919.51,3827649.47,12,64
287,2048.0,9072.19,4429781.18,12,64
288,4096.0,16958.07,4140154.25,12,64
289,8192.0,20606.86,2515485.56,12,64
290,16384.0,29049.78,1773057.67,12,64
291,32768.0,38135.71,1163809.49,12,64
292,65536.0,39403.86,601255.16,12,64
293,131072.0,39378.33,300432.84,12,64
294,262144.0,39348.23,150101.59,12,64
295,524288.0,37592.11,71701.26,12,64
296,1048576.0,39343.34,37520.74,12,64
297,2097152.0,39151.86,18669.06,12,64
298,4194304.0,39191.33,9343.94,12,64
299,1.0,5.43,5433759.4,13,64
300,2.0,11.09,5544049.97,13,64
301,4.0,21.94,5484557.88,13,64
302,8.0,44.12,5515546.6,13,64
303,16.0,86.88,5430185.07,13,64
304,32.0,175.02,5469506.23,13,64
305,64.0,340.77,5324458.13,13,64
306,128.0,610.11,4766483.61,13,64
307,256.0,1274.32,4977818.08,13,64
308,512.0,2670.8,5216397.33,13,64
309,1024.0,4687.45,4577592.48,13,64
310,2048.0,10184.31,4972808.72,13,64
311,4096.0,19281.26,4707338.79,13,64
312,8192.0,25244.78,3081638.73,13,64
313,16384.0,28093.3,1714678.93,13,64
314,32768.0,28246.61,862018.21,13,64
315,65536.0,34375.88,524534.31,13,64
316,131072.0,39191.86,299010.15,13,64
317,262144.0,39039.05,148922.16,13,64
318,524288.0,37174.97,70905.62,13,64
319,1048576.0,39102.88,37291.42,13,64
320,2097152.0,39010.95,18601.87,13,64
321,4194304.0,39066.02,9314.07,13,64
322,1.0,4.91,4912380.57,14,64
323,2.0,10.39,5193387.89,14,64
324,4.0,20.95,5238475.19,14,64
325,8.0,40.48,5060194.32,14,64
326,16.0,80.99,5062083.44,14,64
327,32.0,166.58,5205602.09,14,64
328,64.0,320.0,4999996.7,14,64
329,128.0,626.17,4891964.85,14,64
330,256.0,635.27,2481523.67,14,64
331,512.0,2522.82,4927391.23,14,64
332,1024.0,4008.32,3914378.7,14,64
333,2048.0,9224.94,4504366.4,14,64
334,4096.0,18576.83,4535358.2,14,64
335,8192.0,22397.87,2734115.19,14,64
336,16384.0,30581.2,1866528.6,14,64
337,32768.0,37910.1,1156924.37,14,64
338,65536.0,39426.88,601606.37,14,64
339,131072.0,39389.64,300519.09,14,64
340,262144.0,39439.59,150450.08,14,64
341,524288.0,37454.52,71438.82,14,64
342,1048576.0,39197.14,37381.31,14,64
343,2097152.0,39249.32,18715.54,14,64
344,4194304.0,39188.74,9343.32,14,64
345,1.0,4.82,4819113.24,15,64
346,2.0,10.95,5473548.98,15,64
347,4.0,22.05,5513636.87,15,64
348,8.0,43.44,5429403.23,15,64
349,16.0,87.7,5481358.42,15,64
350,32.0,174.86,5464338.72,15,64
351,64.0,336.42,5256560.99,15,64
352,128.0,660.96,5163732.03,15,64
353,256.0,1325.49,5177698.46,15,64
354,512.0,2546.92,4974446.94,15,64
355,1024.0,5098.13,4978640.95,15,64
356,2048.0,10155.05,4958520.09,15,64
357,4096.0,19073.55,4656628.77,15,64
358,8192.0,24694.76,3014496.46,15,64
359,16384.0,33776.94,2061580.64,15,64
360,32768.0,35809.8,1092828.43,15,64
361,65536.0,37859.59,577691.5,15,64
362,131072.0,38776.41,295840.55,15,64
363,262144.0,39101.82,149161.59,15,64
364,524288.0,37089.67,70742.93,15,64
365,1048576.0,38788.71,36991.8,15,64
366,2097152.0,39006.62,18599.81,15,64
367,4194304.0,39000.3,9298.4,15,64
368,1.0,5.0,4996639.59,16,64
369,2.0,10.04,5018927.46,16,64
370,4.0,20.49,5121380.21,16,64
371,8.0,37.79,4723162.81,16,64
372,16.0,75.02,4688710.7,16,64
373,32.0,162.89,5090157.05,16,64
374,64.0,309.85,4841382.89,16,64
375,128.0,557.06,4352055.72,16,64
376,256.0,1252.52,4892641.98,16,64
377,512.0,2418.08,4722808.93,16,64
378,1024.0,4827.44,4714293.01,16,64
379,2048.0,9645.72,4709824.02,16,64
380,4096.0,18036.72,4403497.27,16,64
381,8192.0,20968.32,2559609.76,16,64
382,16384.0,32606.02,1990113.41,16,64
383,32768.0,39480.59,1204851.87,16,64
384,65536.0,39083.75,596370.71,16,64
385,131072.0,39349.06,300209.52,16,64
386,262144.0,39184.53,149477.13,16,64
387,524288.0,36768.91,70131.12,16,64
388,1048576.0,38982.73,37176.83,16,64
389,2097152.0,38935.46,18565.87,16,64
390,4194304.0,38995.62,9297.28,16,64
391,1.0,4.79,4785790.32,17,64
392,2.0,9.62,4808322.27,17,64
393,4.0,18.7,4675795.88,17,64
394,8.0,36.54,4567540.35,17,64
395,16.0,75.86,4741019.5,17,64
396,32.0,152.04,4751311.53,17,64
397,64.0,284.49,4445123.75,17,64
398,128.0,500.93,3913521.34,17,64
399,256.0,1190.22,4649287.85,17,64
400,512.0,2315.0,4521492.62,17,64
401,1024.0,4668.45,4559031.97,17,64
402,2048.0,9193.25,4488893.35,17,64
403,4096.0,17390.96,4245839.5,17,64
404,8192.0,21943.22,2678615.66,17,64
405,16384.0,32692.92,1995417.22,17,64
406,32768.0,35226.86,1075038.59,17,64
407,65536.0,36899.91,563047.94,17,64
408,131072.0,39465.05,301094.42,17,64
409,262144.0,37677.36,143727.71,17,64
410,524288.0,37320.52,71183.24,17,64
411,1048576.0,39064.76,37255.05,17,64
412,2097152.0,38904.57,18551.14,17,64
413,4194304.0,39004.22,9299.33,17,64
414,1.0,5.11,5113343.58,18,64
415,2.0,10.01,5006640.52,18,64
416,4.0,20.8,5200626.75,18,64
417,8.0,36.16,4519602.45,18,64
418,16.0,79.75,4984368.36,18,64
419,32.0,164.15,5129738.81,18,64
420,64.0,324.06,5063441.11,18,64
421,128.0,642.81,5021940.21,18,64
422,256.0,1409.08,5504236.14,18,64
423,512.0,2826.01,5519558.64,18,64
424,1024.0,5565.31,5434873.18,18,64
425,2048.0,9189.47,4487046.56,18,64
426,4096.0,19133.28,4671211.49,18,64
427,8192.0,27677.13,3378555.55,18,64
428,16384.0,25297.3,1544024.85,18,64
429,32768.0,35370.52,1079422.67,18,64
430,65536.0,35978.66,548990.8,18,64
431,131072.0,39060.24,298005.98,18,64
432,262144.0,39045.09,148945.19,18,64
433,524288.0,36972.13,70518.75,18,64
434,1048576.0,38965.61,37160.5,18,64
435,2097152.0,39015.78,18604.17,18,64
436,4194304.0,39013.57,9301.56,18,64
437,1.0,9.81,9806031.85,0,128
438,2.0,16.96,8481570.49,0,128
439,4.0,39.85,9961988.54,0,128
440,8.0,77.18,9647644.06,0,128
441,16.0,158.57,9910783.11,0,128
442,32.0,314.37,9824075.42,0,128
443,64.0,606.36,9474447.58,0,128
444,128.0,1000.27,7814614.75,0,128
445,256.0,2554.99,9980411.98,0,128
446,512.0,4644.64,9071556.93,0,128
447,1024.0,9411.74,9191149.25,0,128
448,2048.0,18886.93,9222133.73,0,128
449,4096.0,36951.15,9021276.31,0,128
450,8192.0,55945.18,6829245.05,0,128
451,16384.0,47264.9,2884820.53,0,128
452,32768.0,55537.31,1694864.06,0,128
453,65536.0,74542.12,1137422.5,0,128
454,131072.0,78098.99,595848.03,0,128
455,262144.0,77155.99,294326.74,0,128
456,524288.0,73772.63,140710.13,0,128
457,1048576.0,77331.02,73748.61,0,128
458,2097152.0,77891.34,37141.49,0,128
459,4194304.0,77853.53,18561.73,0,128
460,1.0,9.01,9014348.75,1,128
461,2.0,18.19,9092671.89,1,128
462,4.0,36.19,9046272.23,1,128
463,8.0,73.68,9210443.71,1,128
464,16.0,145.17,9073115.06,1,128
465,32.0,287.31,8978526.46,1,128
466,64.0,567.52,8867559.6,1,128
467,128.0,1079.82,8436062.72,1,128
468,256.0,2192.71,8565277.89,1,128
469,512.0,4362.46,8520420.81,1,128
470,1024.0,8701.94,8497992.84,1,128
471,2048.0,16555.59,8083784.48,1,128
472,4096.0,26797.27,6542302.33,1,128
473,8192.0,45863.5,5598571.49,1,128
474,16384.0,43757.03,2670717.17,1,128
475,32768.0,61507.83,1877069.96,1,128
476,65536.0,70846.54,1081032.44,1,128
477,131072.0,77773.72,593366.41,1,128
478,262144.0,77866.65,297037.7,1,128
479,524288.0,75284.16,143593.14,1,128
480,1048576.0,74841.9,71374.8,1,128
481,2097152.0,74676.74,35608.64,1,128
482,4194304.0,73267.08,17468.23,1,128
483,1.0,10.2,10199530.56,2,128
484,2.0,20.41,10207405.2,2,128
485,4.0,38.88,9720712.95,2,128
486,8.0,81.4,10174969.23,2,128
487,16.0,163.71,10231717.68,2,128
488,32.0,328.48,10265005.04,2,128
489,64.0,675.65,10556982.37,2,128
490,128.0,1320.48,10316259.34,2,128
491,256.0,2608.43,10189191.09,2,128
492,512.0,5144.57,10047993.64,2,128
493,1024.0,10138.27,9900653.61,2,128
494,2048.0,19168.23,9359488.99,2,128
495,4096.0,37366.31,9122635.03,2,128
496,8192.0,43483.35,5308026.69,2,128
497,16384.0,52605.23,3210768.34,2,128
498,32768.0,75079.27,2291237.38,2,128
499,65536.0,78486.36,1197606.75,2,128
500,131072.0,68912.9,525763.67,2,128
501,262144.0,78014.54,297601.87,2,128
502,524288.0,78132.68,149026.27,2,128
503,1048576.0,77763.81,74161.35,2,128
504,2097152.0,77939.52,37164.46,2,128
505,4194304.0,78041.26,18606.49,2,128
506,1.0,10.26,10255243.91,3,128
507,2.0,19.65,9822650.79,3,128
508,4.0,41.27,10316471.1,3,128
509,8.0,82.67,10334036.11,3,128
510,16.0,163.53,10220515.35,3,128
511,32.0,322.18,10068092.6,3,128
512,64.0,672.54,10508428.34,3,128
513,128.0,1274.71,9958693.3,3,128
514,256.0,2670.02,10429781.34,3,128
515,512.0,5170.74,10099104.12,3,128
516,1024.0,9980.69,9746771.69,3,128
517,2048.0,16147.36,7884450.91,3,128
518,4096.0,37172.87,9075408.02,3,128
519,8192.0,52378.87,6393905.31,3,128
520,16384.0,50662.04,3092165.7,3,128
521,32768.0,58057.6,1771777.34,3,128
522,65536.0,75286.92,1148787.27,3,128
523,131072.0,78366.85,597891.62,3,128
524,262144.0,75214.81,286921.74,3,128
525,524288.0,78221.55,149195.77,3,128
526,1048576.0,78017.4,74403.19,3,128
527,2097152.0,78194.07,37285.84,3,128
528,4194304.0,78172.73,18637.83,3,128
529,1.0,10.58,10581111.22,4,128
530,2.0,21.78,10889930.08,4,128
531,4.0,42.95,10737958.04,4,128
532,8.0,86.39,10798552.99,4,128
533,16.0,173.0,10812237.39,4,128
534,32.0,341.56,10673659.03,4,128
535,64.0,628.86,9825955.6,4,128
536,128.0,1219.68,9528762.67,4,128
537,256.0,2429.31,9489474.39,4,128
538,512.0,5050.99,9865218.62,4,128
539,1024.0,9995.38,9761112.03,4,128
540,2048.0,18076.26,8826297.07,4,128
541,4096.0,37108.16,9059610.45,4,128
542,8192.0,40270.06,4915778.71,4,128
543,16384.0,38237.23,2333815.18,4,128
544,32768.0,47537.45,1450727.98,4,128
545,65536.0,66314.62,1011880.87,4,128
546,131072.0,77542.68,591603.69,4,128
547,262144.0,75441.11,287785.0,4,128
548,524288.0,78015.03,148801.86,4,128
549,1048576.0,77230.9,73653.13,4,128
550,2097152.0,77264.57,36842.62,4,128
551,4194304.0,77495.93,18476.47,4,128
552,1.0,9.55,9550469.25,5,128
553,2.0,18.86,9430436.41,5,128
554,4.0,36.84,9209857.21,5,128
555,8.0,57.27,7158760.49,5,128
556,16.0,127.42,7963813.49,5,128
557,32.0,302.91,9466056.85,5,128
558,64.0,572.74,8949125.16,5,128
559,128.0,1114.51,8707096.87,5,128
560,256.0,2160.57,8439740.13,5,128
561,512.0,4315.97,8429638.59,5,128
562,1024.0,8480.39,8281628.42,5,128
563,2048.0,15167.0,7405760.08,5,128
564,4096.0,32265.1,7877220.74,5,128
565,8192.0,51624.98,6301877.11,5,128
566,16384.0,63515.24,3876662.47,5,128
567,32768.0,67540.78,2061181.03,5,128
568,65536.0,71001.95,1083403.8,5,128
569,131072.0,77092.05,588165.63,5,128
570,262144.0,78920.29,301057.02,5,128
571,524288.0,75550.94,144101.99,5,128
572,1048576.0,78728.74,75081.58,5,128
573,2097152.0,78409.72,37388.67,5,128
574,4194304.0,78444.12,18702.53,5,128
575,1.0,8.63,8630417.44,6,128
576,2.0,19.88,9942209.69,6,128
577,4.0,36.1,9025985.94,6,128
578,8.0,67.21,8400802.97,6,128
579,16.0,155.62,9726408.89,6,128
580,32.0,243.39,7606061.15,6,128
581,64.0,559.12,8736273.88,6,128
582,128.0,1153.37,9010690.03,6,128
583,256.0,2368.04,9250151.05,6,128
584,512.0,4474.53,8739316.66,6,128
585,1024.0,8207.62,8015251.99,6,128
586,2048.0,17933.03,8756363.38,6,128
587,4096.0,34328.81,8381057.21,6,128
588,8192.0,50459.48,6159604.77,6,128
589,16384.0,44208.41,2698267.03,6,128
590,32768.0,58525.09,1786043.9,6,128
591,65536.0,58183.12,887803.95,6,128
592,131072.0,61254.04,467331.2,6,128
593,262144.0,65523.66,249952.93,6,128
594,524288.0,68274.6,130223.46,6,128
595,1048576.0,55043.46,52493.53,6,128
596,2097152.0,53703.39,25607.77,6,128
597,4194304.0,60034.14,14313.25,6,128
598,1.0,9.17,9170131.12,7,128
599,2.0,18.84,9418494.64,7,128
600,4.0,37.66,9416155.59,7,128
601,8.0,74.89,9360667.12,7,128
602,16.0,148.94,9308848.24,7,128
603,32.0,298.42,9325763.25,7,128
604,64.0,523.87,8185424.81,7,128
605,128.0,958.32,7486885.7,7,128
606,256.0,2227.67,8701833.83,7,128
607,512.0,4341.75,8479975.56,7,128
608,1024.0,8848.99,8641591.96,7,128
609,2048.0,15961.92,7793905.84,7,128
610,4096.0,30554.08,7459491.51,7,128
611,8192.0,39171.56,4781684.41,7,128
612,16384.0,64117.16,3913400.98,7,128
613,32768.0,61126.01,1865417.64,7,128
614,65536.0,71759.86,1094968.55,7,128
615,131072.0,78126.09,596054.78,7,128
616,262144.0,70970.72,270731.82,7,128
617,524288.0,77104.72,147065.59,7,128
618,1048576.0,78119.03,74500.11,7,128
619,2097152.0,77735.42,37067.13,7,128
620,4194304.0,77773.21,18542.58,7,128
621,1.0,8.89,8889662.88,8,128
622,2.0,19.07,9533570.53,8,128
623,4.0,36.3,9075874.96,8,128
624,8.0,77.05,9631577.13,8,128
625,16.0,153.69,9605734.32,8,128
626,32.0,306.46,9576816.02,8,128
627,64.0,558.44,8725585.06,8,128
628,128.0,1154.59,9020266.09,8,128
629,256.0,2293.3,8958216.7,8,128
630,512.0,3910.88,7638433.55,8,128
631,1024.0,8999.02,8788106.96,8,128
632,2048.0,16309.23,7963489.42,8,128
633,4096.0,33201.59,8105857.43,8,128
634,8192.0,54067.09,6599986.71,8,128
635,16384.0,57747.47,3524625.59,8,128
636,32768.0,63869.76,1949150.34,8,128
637,65536.0,77757.46,1186484.68,8,128
638,131072.0,77779.51,593410.59,8,128
639,262144.0,77981.38,297475.34,8,128
640,524288.0,75513.76,144031.06,8,128
641,1048576.0,78131.37,74511.89,8,128
642,2097152.0,77828.07,37111.32,8,128
643,4194304.0,77880.27,18568.1,8,128
644,1.0,10.72,10718726.18,9,128
645,2.0,21.24,10621022.27,9,128
646,4.0,43.16,10790786.0,9,128
647,8.0,85.03,10628159.24,9,128
648,16.0,170.49,10655756.17,9,128
649,32.0,345.36,10792382.75,9,128
650,64.0,658.13,10283313.06,9,128
651,128.0,1172.13,9157244.85,9,128
652,256.0,2489.32,9723901.27,9,128
653,512.0,5025.63,9815676.17,9,128
654,1024.0,4489.82,4384585.86,9,128
655,2048.0,19390.61,9468072.32,9,128
656,4096.0,37087.26,9054505.78,9,128
657,8192.0,41231.48,5033139.71,9,128
658,16384.0,56270.88,3434501.91,9,128
659,32768.0,62148.02,1896607.02,9,128
660,65536.0,76807.46,1171988.75,9,128
661,131072.0,78626.22,599870.43,9,128
662,262144.0,78192.03,298278.91,9,128
663,524288.0,74311.64,141738.21,9,128
664,1048576.0,78011.76,74397.81,9,128
665,2097152.0,78111.12,37246.28,9,128
666,4194304.0,78134.35,18628.68,9,128
667,1.0,8.72,8720167.65,10,128
668,2.0,17.63,8814924.06,10,128
669,4.0,30.79,7696839.39,10,128
670,8.0,70.14,8767703.74,10,128
671,16.0,141.58,8848784.39,10,128
672,32.0,284.45,8888917.05,10,128
673,64.0,560.48,8757536.3,10,128
674,128.0,1090.41,8518853.94,10,128
675,256.0,2191.04,8558746.39,10,128
676,512.0,4284.39,8367955.0,10,128
677,1024.0,8367.6,8171485.32,10,128
678,2048.0,16426.98,8020987.89,10,128
679,4096.0,31584.53,7711067.22,10,128
680,8192.0,48938.45,5973931.9,10,128
681,16384.0,76752.06,4684573.95,10,128
682,32768.0,80610.79,2460045.99,10,128
683,65536.0,74549.93,1137541.73,10,128
684,131072.0,76177.63,581189.18,10,128
685,262144.0,71650.13,273323.55,10,128
686,524288.0,78201.67,149157.85,10,128
687,1048576.0,77809.68,74205.09,10,128
688,2097152.0,77782.39,37089.53,10,128
689,4194304.0,77953.49,18585.56,10,128
690,1.0,9.49,9491171.48,11,128
691,2.0,18.26,9130659.56,11,128
692,4.0,38.94,9734008.24,11,128
693,8.0,77.28,9659616.21,11,128
694,16.0,154.71,9669574.86,11,128
695,32.0,315.14,9848105.24,11,128
696,64.0,605.5,9461008.69,11,128
697,128.0,990.72,7740016.47,11,128
698,256.0,2334.64,9119673.63,11,128
699,512.0,4160.44,8125861.34,11,128
700,1024.0,9175.15,8960103.04,11,128
701,2048.0,17822.56,8702424.15,11,128
702,4096.0,34621.32,8452471.88,11,128
703,8192.0,46522.62,5679031.27,11,128
704,16384.0,65923.52,4023652.51,11,128
705,32768.0,65691.54,2004746.83,11,128
706,65536.0,76592.56,1168709.66,11,128
707,131072.0,78106.36,595904.25,11,128
708,262144.0,76934.53,293481.93,11,128
709,524288.0,74558.23,142208.53,11,128
710,1048576.0,77556.26,73963.41,11,128
711,2097152.0,77904.82,37147.91,11,128
712,4194304.0,77848.06,18560.42,11,128
713,1.0,10.51,10513904.02,12,128
714,2.0,21.81,10907445.11,12,128
715,4.0,43.76,10938753.64,12,128
716,8.0,86.11,10763410.39,12,128
717,16.0,176.07,11004648.36,12,128
718,32.0,296.5,9265653.94,12,128
719,64.0,693.65,10838283.26,12,128
720,128.0,1341.51,10480577.2,12,128
721,256.0,2427.82,9483685.34,12,128
722,512.0,4867.78,9507376.54,12,128
723,1024.0,9717.71,9489948.4,12,128
724,2048.0,20345.93,9934536.59,12,128
725,4096.0,39222.04,9575694.34,12,128
726,8192.0,39413.0,4811156.87,12,128
727,16384.0,39645.62,2419776.86,12,128
728,32768.0,68036.9,2076321.4,12,128
729,65536.0,75318.71,1149272.25,12,128
730,131072.0,78128.1,596070.13,12,128
731,262144.0,78137.1,298069.36,12,128
732,524288.0,75817.33,144610.08,12,128
733,1048576.0,77857.72,74250.9,12,128
734,2097152.0,77944.48,37166.83,12,128
735,4194304.0,77907.38,18574.57,12,128
736,1.0,10.33,10325193.69,13,128
737,2.0,15.2,7600733.75,13,128
738,4.0,41.91,10478151.62,13,128
739,8.0,84.13,10516551.39,13,128
740,16.0,157.01,9813365.41,13,128
741,32.0,297.17,9286540.23,13,128
742,64.0,664.5,10382835.89,13,128
743,128.0,1300.96,10163757.59,13,128
744,256.0,2544.11,9937942.69,13,128
745,512.0,5086.01,9933620.57,13,128
746,1024.0,10102.89,9866104.96,13,128
747,2048.0,20397.06,9959503.53,13,128
748,4096.0,37179.92,9077128.6,13,128
749,8192.0,49475.66,6039509.06,13,128
750,16384.0,51017.25,3113845.75,13,128
751,32768.0,56638.36,1728465.69,13,128
752,65536.0,75459.07,1151414.07,13,128
753,131072.0,78902.23,601976.24,13,128
754,262144.0,71072.12,271118.6,13,128
755,524288.0,78031.21,148832.73,13,128
756,1048576.0,78648.31,75004.87,13,128
757,2097152.0,78719.52,37536.39,13,128
758,4194304.0,78637.64,18748.67,13,128
759,1.0,7.84,7840218.34,14,128
760,2.0,17.14,8571287.17,14,128
761,4.0,34.22,8554202.74,14,128
762,8.0,68.57,8571554.25,14,128
763,16.0,127.3,7956177.47,14,128
764,32.0,271.34,8479405.9,14,128
765,64.0,518.12,8095550.26,14,128
766,128.0,1018.21,7954739.24,14,128
767,256.0,1593.01,6222699.73,14,128
768,512.0,3894.62,7606671.64,14,128
769,1024.0,7848.26,7664315.12,14,128
770,2048.0,13585.79,6633685.46,14,128
771,4096.0,29457.04,7191660.46,14,128
772,8192.0,43625.37,5325362.35,14,128
773,16384.0,71625.08,4371648.15,14,128
774,32768.0,68814.06,2100038.36,14,128
775,65536.0,78327.47,1195182.35,14,128
776,131072.0,78582.73,599538.62,14,128
777,262144.0,77913.03,297214.62,14,128
778,524288.0,74470.91,142041.98,14,128
779,1048576.0,78499.66,74863.11,14,128
780,2097152.0,78621.27,37489.54,14,128
781,4194304.0,78697.64,18762.98,14,128
782,1.0,9.75,9747255.06,15,128
783,2.0,14.9,7449282.81,15,128
784,4.0,41.14,10284705.04,15,128
785,8.0,83.55,10444008.83,15,128
786,16.0,168.64,10539699.52,15,128
787,32.0,337.72,10553835.18,15,128
788,64.0,525.37,8208968.76,15,128
789,128.0,1233.96,9640343.41,15,128
790,256.0,2453.17,9582680.13,15,128
791,512.0,5016.88,9798595.33,15,128
792,1024.0,9417.55,9196825.26,15,128
793,2048.0,20384.68,9953455.93,15,128
794,4096.0,34337.44,8383164.66,15,128
795,8192.0,47047.69,5743126.26,15,128
796,16384.0,71039.08,4335881.29,15,128
797,32768.0,75940.14,2317509.19,15,128
798,65536.0,78595.37,1199270.2,15,128
799,131072.0,78528.51,599124.99,15,128
800,262144.0,70450.15,268745.99,15,128
801,524288.0,78519.12,149763.34,15,128
802,1048576.0,78154.22,74533.67,15,128
803,2097152.0,78282.03,37327.78,15,128
804,4194304.0,78068.56,18613.0,15,128
805,1.0,9.56,9557829.74,16,128
806,2.0,19.31,9653695.82,16,128
807,4.0,38.06,9514212.13,16,128
808,8.0,76.34,9542200.8,16,128
809,16.0,148.05,9252826.16,16,128
810,32.0,302.54,9454351.21,16,128
811,64.0,599.89,9373255.96,16,128
812,128.0,1169.61,9137589.77,16,128
813,256.0,1825.12,7129362.15,16,128
814,512.0,4554.47,8895448.51,16,128
815,1024.0,9191.19,8975768.01,16,128
816,2048.0,17865.76,8723515.42,16,128
817,4096.0,34647.58,8458881.08,16,128
818,8192.0,42567.66,5196248.12,16,128
819,16384.0,63734.77,3890061.69,16,128
820,32768.0,71336.95,2177031.04,16,128
821,65536.0,75813.84,1156827.34,16,128
822,131072.0,77998.11,595078.33,16,128
823,262144.0,77250.2,294686.14,16,128
824,524288.0,75281.02,143587.16,16,128
825,1048576.0,77953.6,74342.35,16,128
826,2097152.0,77987.63,37187.4,16,128
827,4194304.0,77943.19,18583.1,16,128
828,1.0,9.08,9076654.9,17,128
829,2.0,18.35,9175518.71,17,128
830,4.0,31.58,7894381.65,17,128
831,8.0,70.98,8872482.5,17,128
832,16.0,150.38,9398940.08,17,128
833,32.0,295.73,9241538.0,17,128
834,64.0,585.81,9153304.78,17,128
835,128.0,1140.01,8906345.17,17,128
836,256.0,2181.74,8522417.36,17,128
837,512.0,4299.86,8398167.97,17,128
838,1024.0,8777.32,8571600.53,17,128
839,2048.0,17069.68,8334806.24,17,128
840,4096.0,29212.61,7131984.3,17,128
841,8192.0,49239.99,6010740.85,17,128
842,16384.0,55136.3,3365252.57,17,128
843,32768.0,55277.23,1686927.05,17,128
844,65536.0,68827.41,1050222.96,17,128
845,131072.0,76060.89,580298.58,17,128
846,262144.0,69305.43,264379.25,17,128
847,524288.0,68605.71,130855.0,17,128
848,1048576.0,67765.61,64626.32,17,128
849,2097152.0,68039.05,32443.55,17,128
850,4194304.0,70290.72,16758.61,17,128
851,1.0,10.72,10721705.59,18,128
852,2.0,20.48,10239706.63,18,128
853,4.0,42.47,10617207.62,18,128
854,8.0,62.82,7852016.03,18,128
855,16.0,157.05,9815716.63,18,128
856,32.0,302.86,9464268.56,18,128
857,64.0,668.5,10445351.96,18,128
858,128.0,1321.29,10322573.88,18,128
859,256.0,2583.82,10093056.2,18,128
860,512.0,5160.31,10078729.74,18,128
861,1024.0,10265.71,10025105.11,18,128
862,2048.0,19512.34,9527510.38,18,128
863,4096.0,37008.68,9035323.48,18,128
864,8192.0,42064.0,5134765.27,18,128
865,16384.0,39473.8,2409289.29,18,128
866,32768.0,65893.8,2010919.04,18,128
867,65536.0,50109.16,764605.07,18,128
868,131072.0,71736.23,547304.02,18,128
869,262144.0,70931.17,270580.95,18,128
870,524288.0,77970.53,148716.99,18,128
871,1048576.0,77583.45,73989.35,18,128
872,2097152.0,77840.66,37117.32,18,128
873,4194304.0,78145.88,18631.43,18,128
874,1.0,9.53,9532395.06,19,128
875,2.0,18.52,9260369.16,19,128
876,4.0,36.71,9178027.43,19,128
877,8.0,66.5,8312899.65,19,128
878,16.0,144.97,9060383.79,19,128
879,32.0,295.99,9249595.41,19,128
880,64.0,578.3,9035890.35,19,128
881,128.0,1135.62,8872013.39,19,128
882,256.0,2217.09,8660517.91,19,128
883,512.0,4278.91,8357244.96,19,128
884,1024.0,8655.25,8452390.43,19,128
885,2048.0,17553.28,8570938.86,19,128
886,4096.0,33254.29,8118722.52,19,128
887,8192.0,47048.72,5743251.48,19,128
888,16384.0,71768.79,4380419.17,19,128
889,32768.0,80055.27,2443092.99,19,128
890,65536.0,75689.46,1154929.53,19,128
891,131072.0,78679.69,600278.38,19,128
892,262144.0,78671.66,300108.57,19,128
893,524288.0,77830.18,148449.28,19,128
894,1048576.0,78390.62,74759.12,19,128
895,2097152.0,78620.82,37489.33,19,128
896,4194304.0,78540.81,18725.59,19,128
897,1.0,0.64,639090.43,0,8
898,2.0,1.22,609440.69,0,8
899,4.0,2.12,531046.48,0,8
900,8.0,5.06,632755.64,0,8
901,16.0,9.92,620048.87,0,8
902,32.0,19.6,612356.12,0,8
903,64.0,38.66,604072.2,0,8
904,128.0,71.52,558733.66,0,8
905,256.0,151.31,591042.01,0,8
906,512.0,301.91,589677.73,0,8
907,1024.0,586.93,573174.36,0,8
908,2048.0,1137.49,555415.86,0,8
909,4096.0,2030.49,495724.69,0,8
910,8192.0,3003.78,366672.26,0,8
911,16384.0,4662.15,284555.09,0,8
912,32768.0,5092.55,155412.37,0,8
913,65536.0,4991.9,76170.33,0,8
914,131072.0,4913.12,37484.1,0,8
915,262144.0,4908.35,18723.85,0,8
916,524288.0,4901.58,9349.02,0,8
917,1048576.0,4902.14,4675.05,0,8
918,2097152.0,4838.31,2307.09,0,8
919,4194304.0,4912.99,1171.35,0,8
920,1.0,0.63,628151.75,1,8
921,2.0,1.24,621125.41,1,8
922,4.0,2.5,623964.3,1,8
923,8.0,4.98,622620.3,1,8
924,16.0,9.06,566392.27,1,8
925,32.0,17.42,544359.99,1,8
926,64.0,38.7,604764.84,1,8
927,128.0,68.85,537896.61,1,8
928,256.0,134.86,526797.87,1,8
929,512.0,287.54,561594.19,1,8
930,1024.0,597.67,583663.35,1,8
931,2048.0,1120.4,547069.24,1,8
932,4096.0,2147.14,524202.92,1,8
933,8192.0,3545.5,432799.78,1,8
934,16384.0,4076.12,248786.52,1,8
935,32768.0,4866.72,148520.65,1,8
936,65536.0,4869.83,74307.65,1,8
937,131072.0,4881.97,37246.51,1,8
938,262144.0,4884.46,18632.74,1,8
939,524288.0,4872.2,9292.99,1,8
940,1048576.0,4865.15,4639.77,1,8
941,2097152.0,4805.62,2291.5,1,8
942,4194304.0,4874.96,1162.28,1,8
943,1.0,0.61,614740.19,2,8
944,2.0,1.23,616634.35,2,8
945,4.0,2.43,608724.7,2,8
946,8.0,4.28,534822.01,2,8
947,16.0,9.78,611236.67,2,8
948,32.0,19.43,607302.28,2,8
949,64.0,36.39,568545.03,2,8
950,128.0,71.62,559559.61,2,8
951,256.0,135.66,529937.21,2,8
952,512.0,233.93,456901.6,2,8
953,1024.0,548.94,536073.78,2,8
954,2048.0,1060.93,518033.23,2,8
955,4096.0,2039.33,497883.09,2,8
956,8192.0,2780.53,339419.67,2,8
957,16384.0,4210.53,256990.06,2,8
958,32768.0,4647.97,141844.64,2,8
959,65536.0,4924.2,75137.4,2,8
960,131072.0,4207.79,32102.93,2,8
961,262144.0,4831.94,18432.39,2,8
962,524288.0,4860.13,9269.96,2,8
963,1048576.0,4878.34,4652.35,2,8
964,2097152.0,4862.26,2318.51,2,8
965,4194304.0,4875.98,1162.52,2,8
966,1.0,0.64,635661.85,3,8
967,2.0,1.27,633123.68,3,8
968,4.0,2.55,636806.46,3,8
969,8.0,4.82,602762.41,3,8
970,16.0,9.55,596598.31,3,8
971,32.0,20.41,637924.77,3,8
972,64.0,38.18,596488.28,3,8
973,128.0,66.4,518735.06,3,8
974,256.0,142.08,554984.64,3,8
975,512.0,301.43,588727.85,3,8
976,1024.0,598.17,584153.37,3,8
977,2048.0,1155.58,564250.28,3,8
978,4096.0,2189.52,534551.64,3,8
979,8192.0,3162.27,386018.7,3,8
980,16384.0,3992.9,243707.45,3,8
981,32768.0,4886.42,149121.59,3,8
982,65536.0,4878.85,74445.41,3,8
983,131072.0,4882.4,37249.76,3,8
984,262144.0,4912.61,18740.11,3,8
985,524288.0,4887.51,9322.18,3,8
986,1048576.0,4888.09,4661.64,3,8
987,2097152.0,4804.64,2291.03,3,8
988,4194304.0,4874.71,1162.22,3,8
989,1.0,0.64,640630.36,4,8
990,2.0,1.24,618615.41,4,8
991,4.0,2.52,630343.05,4,8
992,8.0,5.07,634153.41,4,8
993,16.0,10.12,632512.66,4,8
994,32.0,20.23,632055.86,4,8
995,64.0,39.1,610903.48,4,8
996,128.0,72.1,563245.46,4,8
997,256.0,144.34,563829.55,4,8
998,512.0,292.38,571055.14,4,8
999,1024.0,548.02,535180.33,4,8
1000,2048.0,924.01,451174.72,4,8
1001,4096.0,1654.1,403832.2,4,8
1002,8192.0,2923.28,356845.96,4,8
1003,16384.0,3249.97,198362.69,4,8
1004,32768.0,4431.84,135249.14,4,8
1005,65536.0,5015.47,76530.03,4,8
1006,131072.0,4881.77,37244.94,4,8
1007,262144.0,4810.08,18348.99,4,8
1008,524288.0,4834.14,9220.39,4,8
1009,1048576.0,4887.3,4660.89,4,8
1010,2097152.0,4869.79,2322.1,4,8
1011,4194304.0,4837.46,1153.34,4,8
1012,1.0,0.59,590703.65,5,8
1013,2.0,1.19,594280.97,5,8
1014,4.0,1.99,496582.92,5,8
1015,8.0,4.6,574829.78,5,8
1016,16.0,9.26,578989.82,5,8
1017,32.0,17.6,550037.17,5,8
1018,64.0,36.78,574698.31,5,8
1019,128.0,69.57,543546.89,5,8
1020,256.0,139.29,544095.74,5,8
1021,512.0,282.15,551067.67,5,8
1022,1024.0,564.77,551535.3,5,8
1023,2048.0,1060.53,517835.03,5,8
1024,4096.0,2060.48,503048.09,5,8
1025,8192.0,3077.75,375702.44,5,8
1026,16384.0,3873.73,236433.46,5,8
1027,32768.0,4851.92,148068.94,5,8
1028,65536.0,4890.32,74620.29,5,8
1029,131072.0,4821.95,36788.52,5,8
1030,262144.0,4895.63,18675.35,5,8
1031,524288.0,4917.94,9380.23,5,8
1032,1048576.0,4878.26,4652.27,5,8
1033,2097152.0,4893.83,2333.56,5,8
1034,4194304.0,4852.56,1156.94,5,8
1035,1.0,0.68,676481.8,6,8
1036,2.0,1.37,686803.48,6,8
1037,4.0,2.58,645142.82,6,8
1038,8.0,5.48,684588.13,6,8
1039,16.0,10.95,684265.7,6,8
1040,32.0,21.89,684023.75,6,8
1041,64.0,40.98,640357.1,6,8
1042,128.0,79.45,620730.87,6,8
1043,256.0,159.07,621377.37,6,8
1044,512.0,272.42,532066.02,6,8
1045,1024.0,627.9,613182.54,6,8
1046,2048.0,1195.08,583534.69,6,8
1047,4096.0,1767.21,431448.9,6,8
1048,8192.0,2348.46,286677.59,6,8
1049,16384.0,2760.01,168457.4,6,8
1050,32768.0,3620.49,110488.71,6,8
1051,65536.0,4865.77,74245.83,6,8
1052,131072.0,4878.51,37220.05,6,8
1053,262144.0,4885.88,18638.13,6,8
1054,524288.0,4870.33,9289.41,6,8
1055,1048576.0,4862.65,4637.38,6,8
1056,2097152.0,4866.18,2320.37,6,8
1057,4194304.0,4829.68,1151.49,6,8
1058,1.0,0.6,603323.88,7,8
1059,2.0,1.16,582271.24,7,8
1060,4.0,2.38,596186.33,7,8
1061,8.0,3.69,460649.73,7,8
1062,16.0,8.8,550044.23,7,8
1063,32.0,19.59,612282.93,7,8
1064,64.0,32.11,501692.02,7,8
1065,128.0,66.09,516367.1,7,8
1066,256.0,139.59,545272.27,7,8
1067,512.0,271.94,531132.51,7,8
1068,1024.0,550.82,537906.72,7,8
1069,2048.0,567.29,276999.47,7,8
1070,4096.0,2082.4,508397.36,7,8
1071,8192.0,3586.77,437838.31,7,8
1072,16384.0,4613.18,281565.9,7,8
1073,32768.0,4053.77,123711.11,7,8
1074,65536.0,4889.67,74610.49,7,8
1075,131072.0,4897.06,37361.62,7,8
1076,262144.0,4901.58,18698.05,7,8
1077,524288.0,4897.38,9341.01,7,8
1078,1048576.0,4878.49,4652.49,7,8
1079,2097152.0,4818.79,2297.78,7,8
1080,4194304.0,4873.76,1162.0,7,8
1081,1.0,0.58,580627.35,8,8
1082,2.0,1.16,579839.4,8,8
1083,4.0,2.3,576087.81,8,8
1084,8.0,4.58,572067.75,8,8
1085,16.0,9.1,568850.49,8,8
1086,32.0,18.17,567705.2,8,8
1087,64.0,33.91,529828.59,8,8
1088,128.0,62.33,486935.22,8,8
1089,256.0,131.47,513536.24,8,8
1090,512.0,250.71,489671.83,8,8
1091,1024.0,510.32,498361.55,8,8
1092,2048.0,745.75,364137.82,8,8
1093,4096.0,1918.12,468291.73,8,8
1094,8192.0,2892.93,353140.55,8,8
1095,16384.0,4577.01,279358.43,8,8
1096,32768.0,5117.2,156164.5,8,8
1097,65536.0,4878.92,74446.41,8,8
1098,131072.0,4726.75,36062.24,8,8
1099,262144.0,4898.47,18686.16,8,8
1100,524288.0,4900.97,9347.85,8,8
1101,1048576.0,4875.9,4650.02,8,8
1102,2097152.0,4893.58,2333.44,8,8
1103,4194304.0,4861.99,1159.19,8,8
1104,1.0,0.61,612259.57,9,8
1105,2.0,1.22,612088.77,9,8
1106,4.0,2.32,579422.38,9,8
1107,8.0,4.79,598623.35,9,8
1108,16.0,9.28,580045.75,9,8
1109,32.0,18.81,587880.54,9,8
1110,64.0,33.7,526577.67,9,8
1111,128.0,67.04,523729.17,9,8
1112,256.0,141.64,553290.65,9,8
1113,512.0,279.6,546100.36,9,8
1114,1024.0,567.1,553812.4,9,8
1115,2048.0,1071.74,523310.19,9,8
1116,4096.0,2076.87,507047.78,9,8
1117,8192.0,3453.32,421547.24,9,8
1118,16384.0,3708.67,226359.36,9,8
1119,32768.0,4365.22,133216.0,9,8
1120,65536.0,4871.24,74329.3,9,8
1121,131072.0,4880.67,37236.52,9,8
1122,262144.0,4884.97,18634.66,9,8
1123,524288.0,4871.87,9292.35,9,8
1124,1048576.0,4858.18,4633.12,9,8
1125,2097152.0,4810.92,2294.03,9,8
1126,4194304.0,4870.47,1161.21,9,8
1127,1.0,0.67,673495.35,10,8
1128,2.0,1.36,681994.13,10,8
1129,4.0,2.68,670740.05,10,8
1130,8.0,5.41,676458.17,10,8
1131,16.0,10.74,671011.5,10,8
1132,32.0,21.66,676897.44,10,8
1133,64.0,40.55,633610.7,10,8
1134,128.0,77.63,606496.81,10,8
1135,256.0,156.47,611219.23,10,8
1136,512.0,322.98,630820.02,10,8
1137,1024.0,643.93,628838.45,10,8
1138,2048.0,1179.11,575736.96,10,8
1139,4096.0,2123.52,518436.39,10,8
1140,8192.0,3007.33,367105.44,10,8
1141,16384.0,4603.18,280955.87,10,8
1142,32768.0,4882.03,148987.81,10,8
1143,65536.0,4960.75,75695.11,10,8
1144,131072.0,4878.77,37222.07,10,8
1145,262144.0,4884.45,18632.72,10,8
1146,524288.0,4871.88,9292.37,10,8
1147,1048576.0,4860.01,4634.87,10,8
1148,2097152.0,4795.38,2286.62,10,8
1149,4194304.0,4873.26,1161.88,10,8
1150,1.0,0.64,640699.48,11,8
1151,2.0,1.26,627722.89,11,8
1152,4.0,2.6,649938.29,11,8
1153,8.0,4.45,555841.11,11,8
1154,16.0,10.11,631825.96,11,8
1155,32.0,20.65,645307.09,11,8
1156,64.0,39.21,612622.09,11,8
1157,128.0,76.45,597246.4,11,8
1158,256.0,154.87,604946.41,11,8
1159,512.0,306.29,598219.34,11,8
1160,1024.0,455.95,445262.48,11,8
1161,2048.0,1121.23,547476.09,11,8
1162,4096.0,2233.24,545223.69,11,8
1163,8192.0,2747.21,335353.38,11,8
1164,16384.0,3913.91,238886.08,11,8
1165,32768.0,4104.01,125244.48,11,8
1166,65536.0,4997.58,76256.99,11,8
1167,131072.0,4937.75,37672.05,11,8
1168,262144.0,4884.56,18633.13,11,8
1169,524288.0,4886.56,9320.37,11,8
1170,1048576.0,4872.9,4647.16,11,8
1171,2097152.0,4806.32,2291.83,11,8
1172,4194304.0,4874.89,1162.26,11,8
1173,1.0,0.68,682434.35,12,8
1174,2.0,1.37,685598.52,12,8
1175,4.0,2.69,671876.93,12,8
1176,8.0,5.41,676018.31,12,8
1177,16.0,10.93,683347.72,12,8
1178,32.0,21.69,677821.26,12,8
1179,64.0,40.79,637327.86,12,8
1180,128.0,79.41,620425.65,12,8
1181,256.0,141.09,551130.44,12,8
1182,512.0,305.02,595733.49,12,8
1183,1024.0,632.26,617446.17,12,8
1184,2048.0,1252.2,611424.29,12,8
1185,4096.0,2260.82,551958.95,12,8
1186,8192.0,2459.28,300205.44,12,8
1187,16384.0,3611.9,220452.98,12,8
1188,32768.0,5053.44,154218.89,12,8
1189,65536.0,4200.73,64098.07,12,8
1190,131072.0,4949.68,37763.07,12,8
1191,262144.0,4912.98,18741.53,12,8
1192,524288.0,4916.37,9377.24,12,8
1193,1048576.0,4873.18,4647.43,12,8
1194,2097152.0,4828.72,2302.51,12,8
1195,4194304.0,4896.69,1167.46,12,8
1196,1.0,0.66,661645.09,13,8
1197,2.0,1.3,647701.43,13,8
1198,4.0,2.35,586457.82,13,8
1199,8.0,2.47,308986.13,13,8
1200,16.0,10.22,638790.67,13,8
1201,32.0,15.05,470179.11,13,8
1202,64.0,40.22,628506.08,13,8
1203,128.0,78.89,616306.75,13,8
1204,256.0,154.66,604123.29,13,8
1205,512.0,261.99,511706.12,13,8
1206,1024.0,608.07,593818.94,13,8
1207,2048.0,1167.14,569892.63,13,8
1208,4096.0,1885.94,460435.51,13,8
1209,8192.0,2818.65,344073.76,13,8
1210,16384.0,4604.21,281018.44,13,8
1211,32768.0,4907.22,149756.51,13,8
1212,65536.0,4915.39,75002.91,13,8
1213,131072.0,4908.87,37451.73,13,8
1214,262144.0,4921.35,18773.47,13,8
1215,524288.0,4924.48,9392.7,13,8
1216,1048576.0,4917.3,4689.5,13,8
1217,2097152.0,4839.35,2307.58,13,8
1218,4194304.0,4897.81,1167.73,13,8
1219,1.0,0.61,605729.32,14,8
1220,2.0,1.2,602140.28,14,8
1221,4.0,2.43,608025.2,14,8
1222,8.0,4.72,589935.89,14,8
1223,16.0,9.47,591929.0,14,8
1224,32.0,19.07,595814.32,14,8
1225,64.0,36.18,565310.29,14,8
1226,128.0,46.54,363628.69,14,8
1227,256.0,139.21,543797.99,14,8
1228,512.0,273.06,533329.46,14,8
1229,1024.0,549.94,537047.19,14,8
1230,2048.0,1053.23,514272.92,14,8
1231,4096.0,1926.4,470313.4,14,8
1232,8192.0,3284.92,400990.73,14,8
1233,16384.0,4031.47,246061.61,14,8
1234,32768.0,4789.48,146163.32,14,8
1235,65536.0,4803.99,73303.13,14,8
1236,131072.0,4771.39,36402.8,14,8
1237,262144.0,4520.45,17244.14,14,8
1238,524288.0,4820.8,9194.95,14,8
1239,1048576.0,4861.7,4636.48,14,8
1240,2097152.0,4812.35,2294.71,14,8
1241,4194304.0,4788.88,1141.76,14,8
1242,1.0,0.67,674065.11,15,8
1243,2.0,1.35,673322.57,15,8
1244,4.0,2.56,640091.31,15,8
1245,8.0,5.45,681773.53,15,8
1246,16.0,10.73,670764.43,15,8
1247,32.0,21.52,672442.02,15,8
1248,64.0,40.69,635854.66,15,8
1249,128.0,78.97,616956.65,15,8
1250,256.0,156.03,609482.87,15,8
1251,512.0,311.66,608717.84,15,8
1252,1024.0,617.15,602688.16,15,8
1253,2048.0,1174.24,573357.9,15,8
1254,4096.0,1991.24,486141.52,15,8
1255,8192.0,2797.54,341496.34,15,8
1256,16384.0,4141.12,252753.75,15,8
1257,32768.0,4380.54,133683.38,15,8
1258,65536.0,4805.08,73319.66,15,8
1259,131072.0,4887.47,37288.42,15,8
1260,262144.0,4891.2,18658.44,15,8
1261,524288.0,4877.92,9303.89,15,8
1262,1048576.0,4881.08,4654.96,15,8
1263,2097152.0,4821.9,2299.26,15,8
1264,4194304.0,4892.66,1166.5,15,8
1265,1.0,0.61,608647.28,16,8
1266,2.0,1.24,621928.26,16,8
1267,4.0,2.36,590814.12,16,8
1268,8.0,4.64,579608.86,16,8
1269,16.0,9.22,576129.4,16,8
1270,32.0,19.41,606441.8,16,8
1271,64.0,34.45,538237.11,16,8
1272,128.0,71.72,560320.59,16,8
1273,256.0,145.04,566574.76,16,8
1274,512.0,281.78,550358.06,16,8
1275,1024.0,566.49,553214.3,16,8
1276,2048.0,1097.46,535871.53,16,8
1277,4096.0,2153.59,525779.9,16,8
1278,8192.0,2993.34,365398.0,16,8
1279,16384.0,4595.83,280507.35,16,8
1280,32768.0,5174.94,157926.66,16,8
1281,65536.0,4601.94,70219.98,16,8
1282,131072.0,4838.7,36916.34,16,8
1283,262144.0,4894.6,18671.43,16,8
1284,524288.0,4878.39,9304.79,16,8
1285,1048576.0,4733.34,4514.06,16,8
1286,2097152.0,4856.32,2315.67,16,8
1287,4194304.0,4859.8,1158.67,16,8
1288,1.0,0.65,648623.93,17,8
1289,2.0,1.3,652102.8,17,8
1290,4.0,2.28,569722.01,17,8
1291,8.0,5.03,629367.48,17,8
1292,16.0,10.3,643489.21,17,8
1293,32.0,20.46,639238.48,17,8
1294,64.0,39.32,614317.33,17,8
1295,128.0,75.87,592759.77,17,8
1296,256.0,154.66,604159.41,17,8
1297,512.0,305.44,596570.45,17,8
1298,1024.0,603.75,589602.22,17,8
1299,2048.0,1129.25,551390.77,17,8
1300,4096.0,2168.49,529415.99,17,8
1301,8192.0,2669.33,325846.38,17,8
1302,16384.0,4077.86,248892.61,17,8
1303,32768.0,4670.09,142519.87,17,8
1304,65536.0,4870.12,74312.13,17,8
1305,131072.0,4881.35,37241.76,17,8
1306,262144.0,4885.31,18635.97,17,8
1307,524288.0,4861.06,9271.74,17,8
1308,1048576.0,4878.82,4652.81,17,8
1309,2097152.0,4818.24,2297.51,17,8
1310,4194304.0,4878.01,1163.01,17,8
1311,1.0,0.65,646199.61,18,8
1312,2.0,1.28,637937.12,18,8
1313,4.0,2.6,651165.47,18,8
1314,8.0,4.66,582682.17,18,8
1315,16.0,9.97,623105.49,18,8
1316,32.0,20.99,655857.84,18,8
1317,64.0,39.87,623004.85,18,8
1318,128.0,78.24,611276.95,18,8
1319,256.0,155.87,608870.3,18,8
1320,512.0,302.67,591153.24,18,8
1321,1024.0,589.1,575291.32,18,8
1322,2048.0,1161.26,567023.91,18,8
1323,4096.0,2175.81,531203.31,18,8
1324,8192.0,2922.36,356733.54,18,8
1325,16384.0,4352.67,265665.92,18,8
1326,32768.0,4718.95,144010.97,18,8
1327,65536.0,4872.21,74344.04,18,8
1328,131072.0,4881.38,37241.98,18,8
1329,262144.0,4885.72,18637.54,18,8
1330,524288.0,4871.92,9292.44,18,8
1331,1048576.0,4869.94,4644.34,18,8
1332,2097152.0,4807.48,2292.38,18,8
1333,4194304.0,4865.77,1160.09,18,8
1334,1.0,0.59,590510.54,19,8
1335,2.0,1.18,592369.52,19,8
1336,4.0,2.12,530641.24,19,8
1337,8.0,4.34,542751.75,19,8
1338,16.0,9.26,578564.57,19,8
1339,32.0,18.85,589186.39,19,8
1340,64.0,34.09,532611.57,19,8
1341,128.0,68.44,534716.24,19,8
1342,256.0,135.81,530495.77,19,8
1343,512.0,270.85,529006.41,19,8
1344,1024.0,537.65,525047.68,19,8
1345,2048.0,1089.12,531794.72,19,8
1346,4096.0,2036.92,497294.26,19,8
1347,8192.0,3057.73,373258.02,19,8
1348,16384.0,4461.41,272302.59,19,8
1349,32768.0,4959.63,151355.92,19,8
1350,65536.0,4679.07,71396.96,19,8
1351,131072.0,4703.92,35888.05,19,8
1352,262144.0,4885.04,18634.93,19,8
1353,524288.0,4823.99,9201.03,19,8
1354,1048576.0,4741.23,4521.59,19,8
1355,2097152.0,4716.37,2248.94,19,8
1356,4194304.0,4617.74,1100.96,19,8
1357,1.0,0.33,328463.05,0,4
1358,2.0,0.47,234225.69,0,4
1359,4.0,1.11,276751.93,0,4
1360,8.0,2.29,285974.57,0,4
1361,16.0,4.81,300445.1,0,4
1362,32.0,10.12,316144.24,0,4
1363,64.0,19.64,306826.37,0,4
1364,128.0,37.54,293319.15,0,4
1365,256.0,73.66,287731.75,0,4
1366,512.0,143.17,279621.84,0,4
1367,1024.0,286.83,280105.69,0,4
1368,2048.0,562.72,274767.05,0,4
1369,4096.0,1126.68,275067.17,0,4
1370,8192.0,1399.35,170819.21,0,4
1371,16384.0,1859.05,113467.11,0,4
1372,32768.0,1916.98,58501.48,0,4
1373,65536.0,1924.26,29361.81,0,4
1374,131072.0,2299.55,17544.19,0,4
1375,262144.0,2460.79,9387.15,0,4
1376,524288.0,2449.03,4671.15,0,4
1377,1048576.0,2461.98,2347.93,0,4
1378,2097152.0,2454.45,1170.37,0,4
1379,4194304.0,2460.51,586.63,0,4
1380,1.0,0.3,297385.11,1,4
1381,2.0,0.48,240252.6,1,4
1382,4.0,1.15,288313.13,1,4
1383,8.0,2.42,302480.78,1,4
1384,16.0,4.0,250138.59,1,4
1385,32.0,9.6,300097.09,1,4
1386,64.0,18.06,282209.22,1,4
1387,128.0,33.48,261562.7,1,4
1388,256.0,72.45,283003.69,1,4
1389,512.0,140.99,275361.38,1,4
1390,1024.0,282.98,276347.68,1,4
1391,2048.0,536.64,262030.95,1,4
1392,4096.0,1068.77,260929.35,1,4
1393,8192.0,1640.73,200284.08,1,4
1394,16384.0,2243.54,136934.65,1,4
1395,32768.0,2478.7,75643.77,1,4
1396,65536.0,2461.55,37560.26,1,4
1397,131072.0,2364.47,18039.51,1,4
1398,262144.0,2442.76,9318.39,1,4
1399,524288.0,2443.59,4660.77,1,4
1400,1048576.0,2431.34,2318.71,1,4
1401,2097152.0,2408.63,1148.53,1,4
1402,4194304.0,2434.78,580.5,1,4
1403,1.0,0.26,257469.61,2,4
1404,2.0,0.5,250364.31,2,4
1405,4.0,1.29,323455.16,2,4
1406,8.0,2.54,317101.55,2,4
1407,16.0,5.18,323540.81,2,4
1408,32.0,10.14,317026.4,2,4
1409,64.0,19.47,304205.3,2,4
1410,128.0,31.51,246155.39,2,4
1411,256.0,69.97,273319.95,2,4
1412,512.0,148.63,290287.57,2,4
1413,1024.0,295.02,288104.36,2,4
1414,2048.0,560.21,273540.92,2,4
1415,4096.0,1079.35,263513.43,2,4
1416,8192.0,1473.54,179875.27,2,4
1417,16384.0,1916.1,116949.66,2,4
1418,32768.0,2371.85,72382.97,2,4
1419,65536.0,2463.7,37593.11,2,4
1420,131072.0,2264.56,17277.19,2,4
1421,262144.0,2456.12,9369.36,2,4
1422,524288.0,2450.68,4674.3,2,4
1423,1048576.0,2410.24,2298.59,2,4
1424,2097152.0,2436.28,1161.71,2,4
1425,4194304.0,2420.05,576.98,2,4
1426,1.0,0.3,304512.3,3,4
1427,2.0,0.61,302920.18,3,4
1428,4.0,1.21,303721.2,3,4
1429,8.0,2.38,297648.79,3,4
1430,16.0,4.54,284015.79,3,4
1431,32.0,9.36,292646.57,3,4
1432,64.0,18.25,285151.56,3,4
1433,128.0,35.15,274590.93,3,4
1434,256.0,64.56,252185.87,3,4
1435,512.0,138.58,270669.77,3,4
1436,1024.0,276.77,270286.4,3,4
1437,2048.0,538.04,262713.74,3,4
1438,4096.0,1018.88,248751.14,3,4
1439,8192.0,1412.67,172445.64,3,4
1440,16384.0,1570.69,95867.02,3,4
1441,32768.0,2218.94,67716.67,3,4
1442,65536.0,2391.5,36491.39,3,4
1443,131072.0,2386.74,18209.36,3,4
1444,262144.0,2442.7,9318.18,3,4
1445,524288.0,2443.48,4660.57,3,4
1446,1048576.0,2431.93,2319.27,3,4
1447,2097152.0,2407.73,1148.1,3,4
1448,4194304.0,2440.79,581.93,3,4
1449,1.0,0.31,313597.3,4,4
1450,2.0,0.66,329505.36,4,4
1451,4.0,1.24,308899.91,4,4
1452,8.0,2.62,327411.09,4,4
1453,16.0,5.38,336406.6,4,4
1454,32.0,10.72,334867.31,4,4
1455,64.0,18.24,284944.43,4,4
1456,128.0,31.86,248887.53,4,4
1457,256.0,78.12,305165.25,4,4
1458,512.0,154.14,301056.73,4,4
1459,1024.0,309.44,302187.53,4,4
1460,2048.0,596.33,291175.46,4,4
1461,4096.0,1136.44,277451.86,4,4
1462,8192.0,1692.54,206609.13,4,4
1463,16384.0,2037.67,124369.27,4,4
1464,32768.0,2315.31,70657.61,4,4
1465,65536.0,2387.81,36435.06,4,4
1466,131072.0,2458.03,18753.25,4,4
1467,262144.0,2399.42,9153.06,4,4
1468,524288.0,2448.41,4669.97,4,4
1469,1048576.0,2447.21,2333.84,4,4
1470,2097152.0,2424.88,1156.27,4,4
1471,4194304.0,2434.59,580.45,4,4
1472,1.0,0.19,189424.46,5,4
1473,2.0,0.69,343197.44,5,4
1474,4.0,1.3,324467.76,5,4
1475,8.0,2.83,353864.96,5,4
1476,16.0,5.16,322634.76,5,4
1477,32.0,11.28,352596.47,5,4
1478,64.0,19.56,305628.49,5,4
1479,128.0,41.27,322425.53,5,4
1480,256.0,81.21,317210.17,5,4
1481,512.0,169.64,331328.74,5,4
1482,1024.0,323.85,316256.74,5,4
1483,2048.0,622.71,304058.13,5,4
1484,4096.0,1132.56,276504.33,5,4
1485,8192.0,1591.41,194264.51,5,4
1486,16384.0,2059.76,125717.75,5,4
1487,32768.0,2455.26,74928.6,5,4
1488,65536.0,2428.46,37055.31,5,4
1489,131072.0,2437.08,18593.46,5,4
1490,262144.0,2348.45,8958.64,5,4
1491,524288.0,2371.61,4523.49,5,4
1492,1048576.0,2438.37,2325.41,5,4
1493,2097152.0,2439.58,1163.28,5,4
1494,4194304.0,2440.39,581.83,5,4
1495,1.0,0.34,338442.87,6,4
1496,2.0,0.68,342388.41,6,4
1497,4.0,1.37,342422.11,6,4
1498,8.0,2.74,342119.2,6,4
1499,16.0,5.44,339694.63,6,4
1500,32.0,10.11,315841.55,6,4
1501,64.0,21.45,335220.91,6,4
1502,128.0,41.48,324067.15,6,4
1503,256.0,79.9,312114.96,6,4
1504,512.0,163.86,320041.17,6,4
1505,1024.0,253.2,247261.11,6,4
1506,2048.0,582.18,284269.52,6,4
1507,4096.0,1093.38,266938.94,6,4
1508,8192.0,1642.31,200477.38,6,4
1509,16384.0,2082.51,127106.46,6,4
1510,32768.0,2331.09,71139.23,6,4
1511,65536.0,2297.77,35061.21,6,4
1512,131072.0,2355.77,17973.11,6,4
1513,262144.0,2440.24,9308.77,6,4
1514,524288.0,2461.26,4694.48,6,4
1515,1048576.0,2450.29,2336.78,6,4
1516,2097152.0,2436.69,1161.91,6,4
1517,4194304.0,2452.71,584.77,6,4
1518,1.0,0.28,279015.08,7,4
1519,2.0,0.62,310943.11,7,4
1520,4.0,0.67,166865.75,7,4
1521,8.0,2.46,307243.85,7,4
1522,16.0,4.85,303419.37,7,4
1523,32.0,8.28,258685.96,7,4
1524,64.0,18.55,289822.57,7,4
1525,128.0,36.32,283724.57,7,4
1526,256.0,72.35,282621.22,7,4
1527,512.0,137.21,267995.22,7,4
1528,1024.0,272.78,266381.99,7,4
1529,2048.0,526.33,256996.4,7,4
1530,4096.0,1062.5,259398.77,7,4
1531,8192.0,1681.81,205298.94,7,4
1532,16384.0,2363.8,144274.74,7,4
1533,32768.0,2258.67,68929.1,7,4
1534,65536.0,2454.32,37450.0,7,4
1535,131072.0,2443.58,18643.07,7,4
1536,262144.0,2428.64,9264.51,7,4
1537,524288.0,2443.3,4660.22,7,4
1538,1048576.0,2437.08,2324.18,7,4
1539,2097152.0,2436.95,1162.03,7,4
1540,4194304.0,2422.54,577.58,7,4
1541,1.0,0.31,309891.43,8,4
1542,2.0,0.64,319807.6,8,4
1543,4.0,1.37,342382.04,8,4
1544,8.0,2.72,339534.72,8,4
1545,16.0,4.32,270260.81,8,4
1546,32.0,10.72,335138.95,8,4
1547,64.0,20.43,319242.21,8,4
1548,128.0,38.58,301433.33,8,4
1549,256.0,76.21,297681.42,8,4
1550,512.0,153.2,299225.12,8,4
1551,1024.0,308.24,301017.41,8,4
1552,2048.0,601.23,293569.18,8,4
1553,4096.0,1135.61,277249.7,8,4
1554,8192.0,1450.93,177116.06,8,4
1555,16384.0,2007.82,122547.9,8,4
1556,32768.0,2561.22,78162.25,8,4
1557,65536.0,2304.35,35161.55,8,4
1558,131072.0,2324.72,17736.21,8,4
1559,262144.0,2284.95,8716.39,8,4
1560,524288.0,2430.67,4636.14,8,4
1561,1048576.0,2434.63,2321.85,8,4
1562,2097152.0,2434.19,1160.71,8,4
1563,4194304.0,2434.41,580.41,8,4
1564,1.0,0.27,273361.77,9,4
1565,2.0,0.6,298384.92,9,4
1566,4.0,1.19,298486.73,9,4
1567,8.0,2.23,278223.45,9,4
1568,16.0,4.61,287864.43,9,4
1569,32.0,8.05,251478.14,9,4
1570,64.0,18.12,283134.09,9,4
1571,128.0,31.07,242702.01,9,4
1572,256.0,68.03,265743.45,9,4
1573,512.0,139.49,272444.46,9,4
1574,1024.0,250.4,244531.1,9,4
1575,2048.0,527.47,257552.33,9,4
1576,4096.0,984.26,240298.63,9,4
1577,8192.0,1453.32,177407.59,9,4
1578,16384.0,2079.49,126922.08,9,4
1579,32768.0,2410.62,73566.22,9,4
1580,65536.0,2364.15,36074.06,9,4
1581,131072.0,2455.45,18733.57,9,4
1582,262144.0,2442.86,9318.78,9,4
1583,524288.0,2441.76,4657.29,9,4
1584,1048576.0,2390.67,2279.92,9,4
1585,2097152.0,2370.4,1130.3,9,4
1586,4194304.0,2364.97,563.85,9,4
1587,1.0,0.31,309232.9,10,4
1588,2.0,0.62,309590.08,10,4
1589,4.0,1.24,310820.03,10,4
1590,8.0,2.39,298750.29,10,4
1591,16.0,4.78,298685.93,10,4
1592,32.0,9.43,294624.26,10,4
1593,64.0,16.68,260609.09,10,4
1594,128.0,35.82,279866.78,10,4
1595,256.0,71.26,278357.97,10,4
1596,512.0,141.41,276189.53,10,4
1597,1024.0,281.41,274809.63,10,4
1598,2048.0,539.38,263370.02,10,4
1599,4096.0,1030.33,251544.66,10,4
1600,8192.0,1718.63,209794.3,10,4
1601,16384.0,2025.7,123638.96,10,4
1602,32768.0,2438.59,74419.79,10,4
1603,65536.0,2431.97,37108.98,10,4
1604,131072.0,2386.05,18204.14,10,4
1605,262144.0,2428.77,9265.01,10,4
1606,524288.0,2444.43,4662.39,10,4
1607,1048576.0,2433.58,2320.84,10,4
1608,2097152.0,2404.06,1146.34,10,4
1609,4194304.0,2439.54,581.63,10,4
1610,1.0,0.29,293486.86,11,4
1611,2.0,0.65,325462.36,11,4
1612,4.0,1.31,327777.06,11,4
1613,8.0,2.5,313121.6,11,4
1614,16.0,4.51,282154.32,11,4
1615,32.0,9.71,303533.87,11,4
1616,64.0,18.01,281481.39,11,4
1617,128.0,36.02,281437.06,11,4
1618,256.0,72.24,282203.7,11,4
1619,512.0,125.35,244826.26,11,4
1620,1024.0,285.86,279161.83,11,4
1621,2048.0,526.92,257285.78,11,4
1622,4096.0,1067.69,260666.52,11,4
1623,8192.0,1543.61,188429.03,11,4
1624,16384.0,2119.25,129348.94,11,4
1625,32768.0,2447.3,74685.62,11,4
1626,65536.0,2426.79,37029.86,11,4
1627,131072.0,2454.63,18727.34,11,4
1628,262144.0,2457.21,9373.5,11,4
1629,524288.0,2436.83,4647.88,11,4
1630,1048576.0,2452.65,2339.03,11,4
1631,2097152.0,2447.39,1167.01,11,4
1632,4194304.0,2427.45,578.75,11,4
1633,1.0,0.32,319944.36,12,4
1634,2.0,0.65,322922.44,12,4
1635,4.0,1.09,272799.64,12,4
1636,8.0,2.52,315195.41,12,4
1637,16.0,4.93,307873.86,12,4
1638,32.0,7.35,229623.65,12,4
1639,64.0,19.22,300378.89,12,4
1640,128.0,34.43,268964.12,12,4
1641,256.0,71.92,280947.38,12,4
1642,512.0,142.53,278383.85,12,4
1643,1024.0,292.6,285745.74,12,4
1644,2048.0,439.82,214753.98,12,4
1645,4096.0,943.61,230372.57,12,4
1646,8192.0,1480.88,180771.27,12,4
1647,16384.0,1861.39,113610.42,12,4
1648,32768.0,2437.12,74374.98,12,4
1649,65536.0,2440.66,37241.47,12,4
1650,131072.0,2436.97,18592.57,12,4
1651,262144.0,2178.46,8310.17,12,4
1652,524288.0,2443.34,4660.31,12,4
1653,1048576.0,2434.86,2322.06,12,4
1654,2097152.0,2435.57,1161.37,12,4
1655,4194304.0,2432.14,579.87,12,4
1656,1.0,0.29,294312.53,13,4
1657,2.0,0.54,271818.22,13,4
1658,4.0,1.17,293391.05,13,4
1659,8.0,2.36,295088.69,13,4
1660,16.0,4.1,256462.84,13,4
1661,32.0,9.37,292839.33,13,4
1662,64.0,14.73,230177.08,13,4
1663,128.0,35.13,274456.74,13,4
1664,256.0,69.27,270566.63,13,4
1665,512.0,136.87,267328.53,13,4
1666,1024.0,261.11,254985.97,13,4
1667,2048.0,526.97,257309.27,13,4
1668,4096.0,1018.14,248569.81,13,4
1669,8192.0,1307.2,159570.76,13,4
1670,16384.0,2071.01,126404.13,13,4
1671,32768.0,2435.03,74311.2,13,4
1672,65536.0,2433.92,37138.74,13,4
1673,131072.0,2426.99,18516.43,13,4
1674,262144.0,2442.74,9318.32,13,4
1675,524288.0,2431.37,4637.47,13,4
1676,1048576.0,2434.73,2321.94,13,4
1677,2097152.0,2400.99,1144.88,13,4
1678,4194304.0,2432.55,579.97,13,4
1679,1.0,0.3,304469.85,14,4
1680,2.0,0.6,300807.45,14,4
1681,4.0,1.07,267289.74,14,4
1682,8.0,2.41,301697.76,14,4
1683,16.0,4.78,298662.62,14,4
1684,32.0,9.58,299353.1,14,4
1685,64.0,15.8,246880.37,14,4
1686,128.0,35.7,278908.72,14,4
1687,256.0,69.32,270787.23,14,4
1688,512.0,140.59,274586.27,14,4
1689,1024.0,279.92,273362.25,14,4
1690,2048.0,527.09,257366.89,14,4
1691,4096.0,1034.6,252588.4,14,4
1692,8192.0,1642.08,200448.72,14,4
1693,16384.0,2127.57,129856.56,14,4
1694,32768.0,2449.35,74748.28,14,4
1695,65536.0,2448.66,37363.58,14,4
1696,131072.0,2416.58,18437.03,14,4
1697,262144.0,2308.71,8807.04,14,4
1698,524288.0,2425.57,4626.42,14,4
1699,1048576.0,2436.33,2323.47,14,4
1700,2097152.0,2446.37,1166.52,14,4
1701,4194304.0,2454.02,585.08,14,4
1702,1.0,0.34,335592.1,15,4
1703,2.0,0.67,337175.94,15,4
1704,4.0,1.35,336500.99,15,4
1705,8.0,2.69,336000.88,15,4
1706,16.0,5.37,335936.31,15,4
1707,32.0,10.62,331878.07,15,4
1708,64.0,20.57,321348.06,15,4
1709,128.0,39.48,308407.81,15,4
1710,256.0,77.17,301430.45,15,4
1711,512.0,157.12,306873.97,15,4
1712,1024.0,309.84,302576.8,15,4
1713,2048.0,593.11,289605.1,15,4
1714,4096.0,1138.9,278050.75,15,4
1715,8192.0,1673.17,204244.83,15,4
1716,16384.0,2258.75,137863.19,15,4
1717,32768.0,2529.08,77181.31,15,4
1718,65536.0,2455.93,37474.47,15,4
1719,131072.0,2367.54,18062.92,15,4
1720,262144.0,2448.79,9341.41,15,4
1721,524288.0,2437.81,4649.75,15,4
1722,1048576.0,2440.8,2327.73,15,4
1723,2097152.0,2413.78,1150.98,15,4
1724,4194304.0,2449.43,583.99,15,4
1725,1.0,0.28,281373.92,16,4
1726,2.0,0.6,300413.96,16,4
1727,4.0,1.18,294735.54,16,4
1728,8.0,2.07,258860.68,16,4
1729,16.0,4.6,287701.98,16,4
1730,32.0,9.28,289964.95,16,4
1731,64.0,18.27,285430.65,16,4
1732,128.0,36.14,282360.41,16,4
1733,256.0,69.56,271706.61,16,4
1734,512.0,127.3,248634.76,16,4
1735,1024.0,274.37,267936.42,16,4
1736,2048.0,446.66,218094.25,16,4
1737,4096.0,906.87,221403.35,16,4
1738,8192.0,1595.19,194725.69,16,4
1739,16384.0,2092.27,127702.29,16,4
1740,32768.0,2249.72,68656.07,16,4
1741,65536.0,2444.48,37299.86,16,4
1742,131072.0,2438.96,18607.8,16,4
1743,262144.0,2442.97,9319.19,16,4
1744,524288.0,2418.69,4613.29,16,4
1745,1048576.0,2376.94,2266.83,16,4
1746,2097152.0,2436.31,1161.72,16,4
1747,4194304.0,2437.96,581.25,16,4
1748,1.0,0.33,330965.3,17,4
1749,2.0,0.68,339723.31,17,4
1750,4.0,1.35,336588.89,17,4
1751,8.0,2.7,337318.73,17,4
1752,16.0,5.37,335814.2,17,4
1753,32.0,10.68,333805.6,17,4
1754,64.0,20.33,317668.05,17,4
1755,128.0,39.04,305000.2,17,4
1756,256.0,78.87,308076.03,17,4
1757,512.0,156.15,304973.0,17,4
1758,1024.0,308.68,301445.43,17,4
1759,2048.0,595.02,290535.03,17,4
1760,4096.0,1008.92,246319.23,17,4
1761,8192.0,1349.02,164675.71,17,4
1762,16384.0,2094.13,127815.6,17,4
1763,32768.0,2437.08,74373.89,17,4
1764,65536.0,2434.84,37152.64,17,4
1765,131072.0,2387.63,18216.16,17,4
1766,262144.0,2443.13,9319.79,17,4
1767,524288.0,2443.42,4660.46,17,4
1768,1048576.0,2435.96,2323.12,17,4
1769,2097152.0,2440.8,1163.86,17,4
1770,4194304.0,2422.73,577.62,17,4
1771,1.0,0.32,324031.21,18,4
1772,2.0,0.64,319112.62,18,4
1773,4.0,1.31,326456.02,18,4
1774,8.0,2.21,276084.47,18,4
1775,16.0,5.28,330184.35,18,4
1776,32.0,10.27,320973.39,18,4
1777,64.0,19.38,302802.75,18,4
1778,128.0,34.21,267254.05,18,4
1779,256.0,76.28,297968.15,18,4
1780,512.0,150.1,293155.76,18,4
1781,1024.0,267.46,261193.06,18,4
1782,2048.0,565.91,276321.27,18,4
1783,4096.0,1094.24,267148.06,18,4
1784,8192.0,1285.55,156927.74,18,4
1785,16384.0,2054.03,125368.24,18,4
1786,32768.0,2458.18,75017.58,18,4
1787,65536.0,2228.52,34004.57,18,4
1788,131072.0,2461.13,18776.95,18,4
1789,262144.0,2438.2,9300.98,18,4
1790,524288.0,2426.22,4627.65,18,4
1791,1048576.0,2434.64,2321.86,18,4
1792,2097152.0,2428.82,1158.15,18,4
1793,4194304.0,2412.31,575.14,18,4
1794,1.0,0.34,337314.96,19,4
1795,2.0,0.61,306028.22,19,4
1796,4.0,1.24,310586.98,19,4
1797,8.0,2.65,331513.46,19,4
1798,16.0,5.43,339419.63,19,4
1799,32.0,10.76,336315.08,19,4
1800,64.0,10.94,171001.82,19,4
1801,128.0,38.91,303955.54,19,4
1802,256.0,79.12,309043.31,19,4
1803,512.0,153.89,300566.83,19,4
1804,1024.0,310.61,303331.08,19,4
1805,2048.0,603.83,294841.15,19,4
1806,4096.0,1000.9,244360.91,19,4
1807,8192.0,1594.39,194627.29,19,4
1808,16384.0,1804.99,110168.09,19,4
1809,32768.0,2226.61,67950.71,19,4
1810,65536.0,2450.79,37396.15,19,4
1811,131072.0,2454.35,18725.23,19,4
1812,262144.0,2461.19,9388.7,19,4
1813,524288.0,2428.84,4632.65,19,4
1814,1048576.0,2461.31,2347.29,19,4
1815,2097152.0,2426.52,1157.05,19,4
1816,4194304.0,2460.11,586.54,19,4
1817,1.0,2.42,2422039.65,0,32
1818,2.0,4.48,2237914.92,0,32
1819,4.0,10.0,2499244.0,0,32
1820,8.0,19.82,2477355.48,0,32
1821,16.0,39.92,2495050.1,0,32
1822,32.0,81.2,2537582.05,0,32
1823,64.0,136.72,2136197.35,0,32
1824,128.0,302.65,2364466.87,0,32
1825,256.0,593.83,2319638.53,0,32
1826,512.0,1163.82,2273094.05,0,32
1827,1024.0,2262.31,2209291.16,0,32
1828,2048.0,4373.81,2135647.53,0,32
1829,4096.0,8604.34,2100667.73,0,32
1830,8192.0,11669.61,1424512.82,0,32
1831,16384.0,16299.31,994830.88,0,32
1832,32768.0,18729.1,571566.72,0,32
1833,65536.0,19870.76,303203.79,0,32
1834,131072.0,19692.75,150243.74,0,32
1835,262144.0,19828.85,75641.04,0,32
1836,524288.0,18696.58,35660.89,0,32
1837,1048576.0,19612.82,18704.24,0,32
1838,2097152.0,19633.11,9361.8,0,32
1839,4194304.0,19589.98,4670.62,0,32
1840,1.0,2.61,2608785.0,1,32
1841,2.0,5.17,2584499.77,1,32
1842,4.0,10.25,2563740.95,1,32
1843,8.0,12.1,1512522.33,1,32
1844,16.0,40.93,2557836.77,1,32
1845,32.0,79.18,2474246.39,1,32
1846,64.0,163.93,2561469.19,1,32
1847,128.0,276.6,2160905.18,1,32
1848,256.0,627.58,2451475.86,1,32
1849,512.0,1268.87,2478258.67,1,32
1850,1024.0,2475.13,2417114.45,1,32
1851,2048.0,4889.39,2387399.6,1,32
1852,4096.0,8731.0,2131591.51,1,32
1853,8192.0,14429.74,1761443.45,1,32
1854,16384.0,18345.72,1119733.99,1,32
1855,32768.0,15979.34,487650.7,1,32
1856,65536.0,17477.36,266683.33,1,32
1857,131072.0,19534.28,149034.71,1,32
1858,262144.0,19426.82,74107.43,1,32
1859,524288.0,18602.01,35480.52,1,32
1860,1048576.0,19301.44,18407.28,1,32
1861,2097152.0,19499.9,9298.28,1,32
1862,4194304.0,19480.99,4644.63,1,32
1863,1.0,2.72,2718100.2,2,32
1864,2.0,5.5,2747529.17,2,32
1865,4.0,10.9,2725050.16,2,32
1866,8.0,21.81,2726425.15,2,32
1867,16.0,43.57,2723389.12,2,32
1868,32.0,87.62,2738241.96,2,32
1869,64.0,168.04,2625635.1,2,32
1870,128.0,316.05,2469109.78,2,32
1871,256.0,655.76,2561569.86,2,32
1872,512.0,1287.36,2514373.86,2,32
1873,1024.0,2549.62,2489860.32,2,32
1874,2048.0,4731.92,2310510.24,2,32
1875,4096.0,9474.63,2313141.22,2,32
1876,8192.0,14196.0,1732910.32,2,32
1877,16384.0,13234.13,807747.17,2,32
1878,32768.0,15250.62,465412.06,2,32
1879,65536.0,18177.9,277372.69,2,32
1880,131072.0,17539.16,133813.2,2,32
1881,262144.0,19700.38,75150.97,2,32
1882,524288.0,19622.96,37427.82,2,32
1883,1048576.0,19722.78,18809.11,2,32
1884,2097152.0,19655.96,9372.69,2,32
1885,4194304.0,19714.07,4700.2,2,32
1886,1.0,2.36,2363440.57,3,32
1887,2.0,4.7,2349549.99,3,32
1888,4.0,7.55,1886940.77,3,32
1889,8.0,19.09,2385955.8,3,32
1890,16.0,38.51,2406957.69,3,32
1891,32.0,73.59,2299751.75,3,32
1892,64.0,146.51,2289183.11,3,32
1893,128.0,286.57,2238835.18,3,32
1894,256.0,565.01,2207074.69,3,32
1895,512.0,830.63,1622327.59,3,32
1896,1024.0,2197.97,2146455.02,3,32
1897,2048.0,4486.93,2190885.01,3,32
1898,4096.0,7330.48,1789667.66,3,32
1899,8192.0,12595.65,1537554.51,3,32
1900,16384.0,17259.51,1053437.13,3,32
1901,32768.0,17815.84,543696.23,3,32
1902,65536.0,18403.94,280821.85,3,32
1903,131072.0,19539.52,149074.74,3,32
1904,262144.0,19543.41,74552.18,3,32
1905,524288.0,18582.8,35443.88,3,32
1906,1048576.0,19559.5,18653.39,3,32
1907,2097152.0,19484.06,9290.72,3,32
1908,4194304.0,19606.36,4674.52,3,32
1909,1.0,2.69,2685232.18,4,32
1910,2.0,5.42,2708179.1,4,32
1911,4.0,10.8,2701240.72,4,32
1912,8.0,21.71,2714014.49,4,32
1913,16.0,41.04,2565145.36,4,32
1914,32.0,87.17,2723983.75,4,32
1915,64.0,177.34,2770956.52,4,32
1916,128.0,350.45,2737903.35,4,32
1917,256.0,674.81,2635977.1,4,32
1918,512.0,1347.24,2631335.17,4,32
1919,1024.0,2684.1,2621195.21,4,32
1920,2048.0,5429.72,2651228.3,4,32
1921,4096.0,9853.98,2405755.64,4,32
1922,8192.0,11417.47,1393733.86,4,32
1923,16384.0,17462.04,1065798.14,4,32
1924,32768.0,18588.66,567280.77,4,32
1925,65536.0,16241.04,247818.56,4,32
1926,131072.0,16826.35,128374.87,4,32
1927,262144.0,19281.84,73554.38,4,32
1928,524288.0,19550.89,37290.36,4,32
1929,1048576.0,19506.51,18602.85,4,32
1930,2097152.0,19454.23,9276.5,4,32
1931,4194304.0,19492.93,4647.48,4,32
1932,1.0,2.63,2631314.27,5,32
1933,2.0,5.28,2642370.35,5,32
1934,4.0,10.34,2585890.26,5,32
1935,8.0,21.39,2674251.86,5,32
1936,16.0,42.21,2638218.16,5,32
1937,32.0,56.87,1777089.99,5,32
1938,64.0,155.27,2426123.7,5,32
1939,128.0,318.53,2488517.52,5,32
1940,256.0,624.13,2438022.45,5,32
1941,512.0,1206.47,2356387.56,5,32
1942,1024.0,2523.6,2464457.18,5,32
1943,2048.0,4826.88,2356876.87,5,32
1944,4096.0,9206.64,2247715.75,5,32
1945,8192.0,11958.71,1459803.61,5,32
1946,16384.0,16776.29,1023943.36,5,32
1947,32768.0,19387.37,591655.55,5,32
1948,65536.0,19501.45,297568.49,5,32
1949,131072.0,19019.95,145110.69,5,32
1950,262144.0,19542.02,74546.87,5,32
1951,524288.0,18513.92,35312.49,5,32
1952,1048576.0,19515.48,18611.41,5,32
1953,2097152.0,19513.62,9304.82,5,32
1954,4194304.0,19509.41,4651.4,5,32
1955,1.0,2.46,2456961.43,6,32
1956,2.0,4.99,2495434.01,6,32
1957,4.0,9.85,2461480.77,6,32
1958,8.0,19.93,2490951.57,6,32
1959,16.0,39.62,2476371.87,6,32
1960,32.0,79.29,2477835.95,6,32
1961,64.0,153.38,2396528.87,6,32
1962,128.0,300.02,2343867.68,6,32
1963,256.0,595.62,2326641.15,6,32
1964,512.0,1179.62,2303954.3,6,32
1965,1024.0,1947.64,1901991.28,6,32
1966,2048.0,4430.32,2163243.28,6,32
1967,4096.0,7693.91,1878396.36,6,32
1968,8192.0,12660.51,1545472.75,6,32
1969,16384.0,15124.3,923113.84,6,32
1970,32768.0,14039.34,428446.64,6,32
1971,65536.0,19223.6,293328.88,6,32
1972,131072.0,19745.17,150643.65,6,32
1973,262144.0,19566.74,74641.17,6,32
1974,524288.0,18591.15,35459.81,6,32
1975,1048576.0,19541.72,18636.44,6,32
1976,2097152.0,19477.42,9287.56,6,32
1977,4194304.0,19450.43,4637.34,6,32
1978,1.0,2.69,2693865.52,7,32
1979,2.0,5.52,2758385.65,7,32
1980,4.0,10.9,2724397.86,7,32
1981,8.0,18.96,2370575.66,7,32
1982,16.0,20.4,1275282.51,7,32
1983,32.0,89.0,2781223.98,7,32
1984,64.0,167.64,2619398.8,7,32
1985,128.0,329.38,2573242.42,7,32
1986,256.0,640.33,2501293.58,7,32
1987,512.0,1285.03,2509821.21,7,32
1988,1024.0,2536.01,2476570.29,7,32
1989,2048.0,4711.15,2300367.06,7,32
1990,4096.0,9103.27,2222477.65,7,32
1991,8192.0,13582.61,1658034.04,7,32
1992,16384.0,16140.5,985138.18,7,32
1993,32768.0,18150.55,553910.86,7,32
1994,65536.0,19550.42,298315.68,7,32
1995,131072.0,19337.26,147531.59,7,32
1996,262144.0,19323.08,73711.69,7,32
1997,524288.0,18605.77,35487.7,7,32
1998,1048576.0,19446.54,18545.67,7,32
1999,2097152.0,19506.59,9301.47,7,32
2000,4194304.0,19484.55,4645.48,7,32
2001,1.0,2.19,2191217.35,8,32
2002,2.0,4.82,2411669.77,8,32
2003,4.0,9.55,2387929.45,8,32
2004,8.0,18.94,2367430.59,8,32
2005,16.0,37.81,2362900.05,8,32
2006,32.0,74.27,2320986.49,8,32
2007,64.0,130.49,2038908.39,8,32
2008,128.0,231.83,1811157.73,8,32
2009,256.0,571.93,2234115.54,8,32
2010,512.0,1109.27,2166550.34,8,32
2011,1024.0,2214.45,2162552.48,8,32
2012,2048.0,4292.43,2095911.1,8,32
2013,4096.0,8291.33,2024249.76,8,32
2014,8192.0,11187.34,1365641.75,8,32
2015,16384.0,17583.66,1073221.38,8,32
2016,32768.0,17849.57,544725.56,8,32
2017,65536.0,16657.82,254178.15,8,32
2018,131072.0,17340.71,132299.09,8,32
2019,262144.0,18626.9,71055.98,8,32
2020,524288.0,19233.22,36684.45,8,32
2021,1048576.0,18832.41,17959.99,8,32
2022,2097152.0,18393.83,8770.86,8,32
2023,4194304.0,18119.75,4320.09,8,32
2024,1.0,2.46,2462244.94,9,32
2025,2.0,4.96,2481087.82,9,32
2026,4.0,9.86,2463887.03,9,32
2027,8.0,16.29,2036337.61,9,32
2028,16.0,37.56,2347286.71,9,32
2029,32.0,77.86,2433089.16,9,32
2030,64.0,152.85,2388292.07,9,32
2031,128.0,254.58,1988877.86,9,32
2032,256.0,569.05,2222857.15,9,32
2033,512.0,1114.05,2175887.67,9,32
2034,1024.0,2236.15,2183740.57,9,32
2035,2048.0,4258.96,2079570.04,9,32
2036,4096.0,8367.35,2042810.65,9,32
2037,8192.0,11565.84,1411845.24,9,32
2038,16384.0,15547.39,948937.43,9,32
2039,32768.0,13651.47,416609.77,9,32
2040,65536.0,14804.38,225896.92,9,32
2041,131072.0,17274.2,131791.72,9,32
2042,262144.0,19567.25,74643.14,9,32
2043,524288.0,19341.95,36891.85,9,32
2044,1048576.0,19491.4,18588.45,9,32
2045,2097152.0,19456.32,9277.5,9,32
2046,4194304.0,19501.76,4649.58,9,32
2047,1.0,2.0,2000522.91,10,32
2048,2.0,4.68,2339887.86,10,32
2049,4.0,9.53,2381913.05,10,32
2050,8.0,19.91,2488347.78,10,32
2051,16.0,33.36,2085271.9,10,32
2052,32.0,70.2,2193661.45,10,32
2053,64.0,158.63,2478650.26,10,32
2054,128.0,308.27,2408376.62,10,32
2055,256.0,613.02,2394621.57,10,32
2056,512.0,1206.01,2355493.85,10,32
2057,1024.0,2402.42,2346108.51,10,32
2058,2048.0,4554.18,2223718.94,10,32
2059,4096.0,7618.33,1859943.16,10,32
2060,8192.0,12518.06,1528084.07,10,32
2061,16384.0,16880.12,1030280.53,10,32
2062,32768.0,19897.64,607227.84,10,32
2063,65536.0,19666.39,300085.36,10,32
2064,131072.0,19531.12,149010.64,10,32
2065,262144.0,18976.46,72389.44,10,32
2066,524288.0,18954.05,36151.98,10,32
2067,1048576.0,19462.92,18561.29,10,32
2068,2097152.0,19498.97,9297.83,10,32
2069,4194304.0,19469.15,4641.81,10,32
2070,1.0,2.78,2777119.21,11,32
2071,2.0,5.4,2697758.54,11,32
2072,4.0,9.92,2479904.3,11,32
2073,8.0,19.18,2397700.55,11,32
2074,16.0,43.96,2747238.89,11,32
2075,32.0,87.93,2747862.5,11,32
2076,64.0,166.6,2603124.6,11,32
2077,128.0,315.81,2467271.37,11,32
2078,256.0,618.47,2415906.0,11,32
2079,512.0,1289.0,2517573.66,11,32
2080,1024.0,2545.21,2485556.59,11,32
2081,2048.0,4484.48,2189688.62,11,32
2082,4096.0,9292.24,2268613.35,11,32
2083,8192.0,13053.99,1593504.85,11,32
2084,16384.0,18024.1,1100103.74,11,32
2085,32768.0,18189.2,555090.34,11,32
2086,65536.0,19753.86,301419.95,11,32
2087,131072.0,19830.35,151293.57,11,32
2088,262144.0,19384.18,73944.79,11,32
2089,524288.0,18681.22,35631.61,11,32
2090,1048576.0,19646.63,18736.49,11,32
2091,2097152.0,19568.69,9331.08,11,32
2092,4194304.0,19533.24,4657.09,11,32
2093,1.0,2.31,2308227.65,12,32
2094,2.0,4.22,2111551.62,12,32
2095,4.0,6.57,1641604.73,12,32
2096,8.0,16.4,2050408.12,12,32
2097,16.0,36.3,2268833.46,12,32
2098,32.0,72.49,2265213.1,12,32
2099,64.0,143.85,2247628.37,12,32
2100,128.0,274.64,2145631.42,12,32
2101,256.0,546.82,2136010.15,12,32
2102,512.0,1098.46,2145435.15,12,32
2103,1024.0,2102.47,2053189.23,12,32
2104,2048.0,4314.72,2106799.25,12,32
2105,4096.0,8021.79,1958445.53,12,32
2106,8192.0,11156.62,1361892.27,12,32
2107,16384.0,16336.94,997127.56,12,32
2108,32768.0,18093.62,552173.37,12,32
2109,65536.0,18283.55,278984.86,12,32
2110,131072.0,19082.81,145590.27,12,32
2111,262144.0,19286.46,73572.02,12,32
2112,524288.0,18509.81,35304.66,12,32
2113,1048576.0,19310.87,18416.28,12,32
2114,2097152.0,19390.55,9246.13,12,32
2115,4194304.0,19317.93,4605.75,12,32
2116,1.0,2.46,2463920.88,13,32
2117,2.0,4.95,2472783.03,13,32
2118,4.0,9.8,2450932.41,13,32
2119,8.0,19.65,2456611.3,13,32
2120,16.0,37.96,2372352.71,13,32
2121,32.0,74.29,2321582.95,13,32
2122,64.0,146.31,2286084.4,13,32
2123,128.0,284.74,2224532.01,13,32
2124,256.0,550.2,2149234.26,13,32
2125,512.0,1161.21,2267989.29,13,32
2126,1024.0,2299.59,2245697.36,13,32
2127,2048.0,3840.8,1875388.25,13,32
2128,4096.0,7989.19,1950485.18,13,32
2129,8192.0,10809.4,1319506.78,13,32
2130,16384.0,16842.87,1028007.46,13,32
2131,32768.0,18498.7,564535.52,13,32
2132,65536.0,17159.87,261838.81,13,32
2133,131072.0,17312.82,132086.31,13,32
2134,262144.0,19616.12,74829.55,13,32
2135,524288.0,19536.61,37263.13,13,32
2136,1048576.0,19656.52,18745.92,13,32
2137,2097152.0,19642.31,9366.18,13,32
2138,4194304.0,19658.02,4686.84,13,32
2139,1.0,2.24,2238269.42,14,32
2140,2.0,4.48,2239991.12,14,32
2141,4.0,8.93,2231742.39,14,32
2142,8.0,18.31,2288156.43,14,32
2143,16.0,35.51,2219310.92,14,32
2144,32.0,71.33,2228939.85,14,32
2145,64.0,124.32,1942440.19,14,32
2146,128.0,257.97,2015402.44,14,32
2147,256.0,519.0,2027330.35,14,32
2148,512.0,1026.64,2005164.2,14,32
2149,1024.0,1923.09,1878013.18,14,32
2150,2048.0,3493.5,1705808.82,14,32
2151,4096.0,7359.79,1796823.1,14,32
2152,8192.0,12956.52,1581606.63,14,32
2153,16384.0,15178.57,926426.3,14,32
2154,32768.0,14579.84,444941.34,14,32
2155,65536.0,16229.68,247645.26,14,32
2156,131072.0,19631.28,149774.8,14,32
2157,262144.0,19746.7,75327.7,14,32
2158,524288.0,19731.96,37635.72,14,32
2159,1048576.0,19600.09,18692.1,14,32
2160,2097152.0,19638.02,9364.14,14,32
2161,4194304.0,19612.9,4676.08,14,32
2162,1.0,2.44,2444764.85,15,32
2163,2.0,4.84,2418991.6,15,32
2164,4.0,9.7,2423983.38,15,32
2165,8.0,19.8,2475151.98,15,32
2166,16.0,38.43,2401956.83,15,32
2167,32.0,77.87,2433431.34,15,32
2168,64.0,153.73,2402097.07,15,32
2169,128.0,281.45,2198856.37,15,32
2170,256.0,584.25,2282234.24,15,32
2171,512.0,1142.41,2231263.15,15,32
2172,1024.0,1160.3,1133105.2,15,32
2173,2048.0,4463.65,2179515.26,15,32
2174,4096.0,8583.56,2095594.94,15,32
2175,8192.0,11654.08,1422617.53,15,32
2176,16384.0,16028.06,978275.29,15,32
2177,32768.0,16264.86,496364.1,15,32
2178,65536.0,19483.84,297299.76,15,32
2179,131072.0,19564.67,149266.61,15,32
2180,262144.0,19683.75,75087.53,15,32
2181,524288.0,18583.77,35445.73,15,32
2182,1048576.0,19557.9,18651.87,15,32
2183,2097152.0,19523.21,9309.39,15,32
2184,4194304.0,19529.75,4656.26,15,32
2185,1.0,2.4,2398292.6,16,32
2186,2.0,4.94,2472049.49,16,32
2187,4.0,8.22,2054911.2,16,32
2188,8.0,14.75,1844064.97,16,32
2189,16.0,37.02,2313457.55,16,32
2190,32.0,79.45,2482756.96,16,32
2191,64.0,157.1,2454637.51,16,32
2192,128.0,299.54,2340146.83,16,32
2193,256.0,600.77,2346767.54,16,32
2194,512.0,1167.76,2280789.56,16,32
2195,1024.0,2353.6,2298434.22,16,32
2196,2048.0,4535.75,2214722.68,16,32
2197,4096.0,8708.46,2126088.07,16,32
2198,8192.0,12583.6,1536084.12,16,32
2199,16384.0,17642.87,1076835.47,16,32
2200,32768.0,19716.75,601707.4,16,32
2201,65536.0,19673.79,300198.14,16,32
2202,131072.0,19741.35,150614.57,16,32
2203,262144.0,19513.52,74438.17,16,32
2204,524288.0,18445.1,35181.24,16,32
2205,1048576.0,19242.77,18351.33,16,32
2206,2097152.0,19401.28,9251.25,16,32
2207,4194304.0,19460.1,4639.65,16,32
2208,1.0,2.59,2589481.96,17,32
2209,2.0,5.19,2596894.01,17,32
2210,4.0,9.76,2440274.46,17,32
2211,8.0,21.3,2663028.37,17,32
2212,16.0,41.81,2613189.51,17,32
2213,32.0,79.3,2478002.34,17,32
2214,64.0,135.23,2112915.53,17,32
2215,128.0,323.87,2530257.58,17,32
2216,256.0,585.81,2288329.16,17,32
2217,512.0,1129.24,2205553.35,17,32
2218,1024.0,2312.44,2258237.58,17,32
2219,2048.0,4944.29,2414204.73,17,32
2220,4096.0,8902.76,2173524.56,17,32
2221,8192.0,13552.26,1654328.51,17,32
2222,16384.0,15806.67,964762.44,17,32
2223,32768.0,16320.68,498067.53,17,32
2224,65536.0,17105.8,261013.74,17,32
2225,131072.0,16990.72,129628.88,17,32
2226,262144.0,19501.14,74390.94,17,32
2227,524288.0,19270.28,36755.15,17,32
2228,1048576.0,19465.5,18563.75,17,32
2229,2097152.0,19515.58,9305.75,17,32
2230,4194304.0,19522.9,4654.62,17,32
2231,1.0,2.84,2840095.94,18,32
2232,2.0,5.43,2714779.99,18,32
2233,4.0,11.54,2885491.77,18,32
2234,8.0,19.72,2464705.55,18,32
2235,16.0,46.12,2882658.81,18,32
2236,32.0,92.83,2900865.97,18,32
2237,64.0,173.26,2707122.14,18,32
2238,128.0,330.7,2583632.68,18,32
2239,256.0,652.86,2550229.56,18,32
2240,512.0,1346.68,2630231.59,18,32
2241,1024.0,2627.37,2565792.08,18,32
2242,2048.0,5168.42,2523644.25,18,32
2243,4096.0,9388.65,2292151.09,18,32
2244,8192.0,11193.09,1366343.92,18,32
2245,16384.0,15864.48,968291.04,18,32
2246,32768.0,15899.35,485209.8,18,32
2247,65536.0,15441.4,235617.09,18,32
2248,131072.0,18527.72,141355.31,18,32
2249,262144.0,19544.26,74555.43,18,32
2250,524288.0,19536.07,37262.09,18,32
2251,1048576.0,19467.87,18566.01,18,32
2252,2097152.0,19507.64,9301.97,18,32
2253,4194304.0,19517.1,4653.24,18,32
2254,1.0,2.08,2083320.19,19,32
2255,2.0,4.94,2468915.36,19,32
2256,4.0,7.93,1982078.95,19,32
2257,8.0,14.49,1811472.26,19,32
2258,16.0,31.81,1988045.17,19,32
2259,32.0,74.79,2337334.74,19,32
2260,64.0,146.93,2295773.51,19,32
2261,128.0,284.15,2219883.11,19,32
2262,256.0,562.19,2196047.27,19,32
2263,512.0,996.95,1947161.27,19,32
2264,1024.0,1223.11,1194446.43,19,32
2265,2048.0,3666.21,1790140.16,19,32
2266,4096.0,8192.58,2000141.26,19,32
2267,8192.0,12735.6,1554638.56,19,32
2268,16384.0,18426.22,1124647.44,19,32
2269,32768.0,20606.02,628845.75,19,32
2270,65536.0,19771.32,301686.33,19,32
2271,131072.0,19608.87,149603.83,19,32
2272,262144.0,19632.48,74891.98,19,32
2273,524288.0,18643.14,35558.97,19,32
2274,1048576.0,19537.91,18632.8,19,32
2275,2097152.0,19534.44,9314.75,19,32
2276,4194304.0,19526.56,4655.49,19,32
2277,1.0,1.37,1370534.9,0,16
2278,2.0,2.3,1151493.39,0,16
2279,4.0,4.82,1204154.1,0,16
2280,8.0,10.53,1316785.79,0,16
2281,16.0,21.93,1370343.42,0,16
2282,32.0,43.61,1362960.62,0,16
2283,64.0,85.19,1331111.35,0,16
2284,128.0,160.71,1255538.96,0,16
2285,256.0,333.39,1302323.05,0,16
2286,512.0,641.86,1253641.5,0,16
2287,1024.0,1061.37,1036491.9,0,16
2288,2048.0,2452.64,1197576.5,0,16
2289,4096.0,4054.64,989901.19,0,16
2290,8192.0,5806.77,708834.44,0,16
2291,16384.0,8894.51,542877.9,0,16
2292,32768.0,10119.8,308831.83,0,16
2293,65536.0,9984.16,152346.12,0,16
2294,131072.0,9844.49,75107.49,0,16
2295,262144.0,9732.94,37128.22,0,16
2296,524288.0,9852.81,18792.75,0,16
2297,1048576.0,9586.86,9142.74,0,16
2298,2097152.0,9803.85,4674.84,0,16
2299,4194304.0,9805.52,2337.82,0,16
2300,1.0,1.15,1154785.82,1,16
2301,2.0,2.7,1351779.88,1,16
2302,4.0,5.41,1351369.33,1,16
2303,8.0,10.86,1357318.39,1,16
2304,16.0,21.5,1343792.27,1,16
2305,32.0,43.24,1351351.14,1,16
2306,64.0,83.14,1299013.86,1,16
2307,128.0,160.14,1251093.82,1,16
2308,256.0,282.55,1103725.87,1,16
2309,512.0,625.45,1221574.59,1,16
2310,1024.0,1237.57,1208563.47,1,16
2311,2048.0,2372.13,1158268.29,1,16
2312,4096.0,4009.65,978918.36,1,16
2313,8192.0,6024.73,735440.57,1,16
2314,16384.0,8449.75,515731.88,1,16
2315,32768.0,9796.99,298980.4,1,16
2316,65536.0,9965.52,152061.81,1,16
2317,131072.0,9751.34,74396.8,1,16
2318,262144.0,9638.12,36766.49,1,16
2319,524288.0,9185.52,17519.98,1,16
2320,1048576.0,9782.02,9328.86,1,16
2321,2097152.0,9754.87,4651.48,1,16
2322,4194304.0,9756.97,2326.24,1,16
2323,1.0,1.27,1268455.31,2,16
2324,2.0,2.68,1338134.9,2,16
2325,4.0,5.14,1285692.18,2,16
2326,8.0,10.88,1359698.6,2,16
2327,16.0,20.94,1308741.37,2,16
2328,32.0,39.27,1227341.11,2,16
2329,64.0,82.79,1293540.07,2,16
2330,128.0,157.37,1229491.8,2,16
2331,256.0,317.8,1241391.9,2,16
2332,512.0,616.41,1203921.27,2,16
2333,1024.0,1236.47,1207490.04,2,16
2334,2048.0,2499.75,1220582.94,2,16
2335,4096.0,4635.19,1131637.39,2,16
2336,8192.0,5880.91,717884.55,2,16
2337,16384.0,7639.79,466296.07,2,16
2338,32768.0,7066.78,215661.02,2,16
2339,65536.0,9396.38,143377.34,2,16
2340,131072.0,9429.47,71941.18,2,16
2341,262144.0,9806.5,37408.83,2,16
2342,524288.0,9789.37,18671.75,2,16
2343,1048576.0,9758.49,9306.42,2,16
2344,2097152.0,9625.22,4589.66,2,16
2345,4194304.0,9734.48,2320.88,2,16
2346,1.0,1.21,1211111.72,3,16
2347,2.0,2.5,1248792.37,3,16
2348,4.0,5.13,1282426.25,3,16
2349,8.0,10.27,1283261.57,3,16
2350,16.0,20.58,1286491.38,3,16
2351,32.0,40.48,1265064.18,3,16
2352,64.0,69.55,1086666.58,3,16
2353,128.0,147.11,1149311.76,3,16
2354,256.0,304.48,1189388.66,3,16
2355,512.0,616.22,1203550.95,3,16
2356,1024.0,1216.11,1187605.81,3,16
2357,2048.0,2042.38,997255.74,3,16
2358,4096.0,4395.28,1073066.73,3,16
2359,8192.0,6109.74,745818.01,3,16
2360,16384.0,9356.05,571047.87,3,16
2361,32768.0,9507.24,290137.84,3,16
2362,65536.0,9779.6,149224.81,3,16
2363,131072.0,9765.57,74505.42,3,16
2364,262144.0,9687.62,36955.33,3,16
2365,524288.0,9693.22,18488.35,3,16
2366,1048576.0,9784.91,9331.62,3,16
2367,2097152.0,9729.37,4639.32,3,16
2368,4194304.0,9678.2,2307.46,3,16
2369,1.0,1.18,1175408.7,4,16
2370,2.0,2.37,1182901.86,4,16
2371,4.0,4.63,1156715.37,4,16
2372,8.0,9.73,1216374.81,4,16
2373,16.0,16.68,1042220.18,4,16
2374,32.0,27.88,871319.09,4,16
2375,64.0,58.3,910896.12,4,16
2376,128.0,133.87,1045882.73,4,16
2377,256.0,276.92,1081735.44,4,16
2378,512.0,556.66,1087221.19,4,16
2379,1024.0,957.84,935387.97,4,16
2380,2048.0,1895.78,925675.05,4,16
2381,4096.0,3981.49,972042.8,4,16
2382,8192.0,5615.62,685500.27,4,16
2383,16384.0,8561.52,522553.71,4,16
2384,32768.0,9368.8,285913.14,4,16
2385,65536.0,9772.94,149123.17,4,16
2386,131072.0,9785.89,74660.39,4,16
2387,262144.0,9791.05,37349.9,4,16
2388,524288.0,9798.67,18689.48,4,16
2389,1048576.0,9749.92,9298.25,4,16
2390,2097152.0,9658.2,4605.39,4,16
2391,4194304.0,9787.16,2333.44,4,16
2392,1.0,1.17,1168768.64,5,16
2393,2.0,2.31,1156931.66,5,16
2394,4.0,4.63,1156352.26,5,16
2395,8.0,9.28,1160577.24,5,16
2396,16.0,18.48,1155065.38,5,16
2397,32.0,33.04,1032432.29,5,16
2398,64.0,68.29,1067027.19,5,16
2399,128.0,120.5,941413.31,5,16
2400,256.0,267.45,1044718.08,5,16
2401,512.0,526.06,1027452.01,5,16
2402,1024.0,1054.4,1029690.59,5,16
2403,2048.0,2156.24,1052849.34,5,16
2404,4096.0,3899.2,951953.46,5,16
2405,8192.0,5703.42,696218.7,5,16
2406,16384.0,7793.71,475690.39,5,16
2407,32768.0,9376.15,286137.52,5,16
2408,65536.0,8632.9,131727.63,5,16
2409,131072.0,9822.32,74938.38,5,16
2410,262144.0,9771.47,37275.22,5,16
2411,524288.0,9768.78,18632.46,5,16
2412,1048576.0,9708.37,9258.63,5,16
2413,2097152.0,9692.96,4621.96,5,16
2414,4194304.0,9659.49,2303.0,5,16
2415,1.0,1.14,1138309.8,6,16
2416,2.0,2.25,1125887.51,6,16
2417,4.0,4.6,1149353.58,6,16
2418,8.0,9.05,1130933.49,6,16
2419,16.0,14.38,898622.33,6,16
2420,32.0,36.67,1146046.99,6,16
2421,64.0,71.03,1109874.57,6,16
2422,128.0,138.06,1078616.48,6,16
2423,256.0,231.84,905620.27,6,16
2424,512.0,530.25,1035647.37,6,16
2425,1024.0,1061.2,1036323.57,6,16
2426,2048.0,2079.28,1015273.42,6,16
2427,4096.0,3937.2,961231.11,6,16
2428,8192.0,6262.2,764429.28,6,16
2429,16384.0,7889.85,481557.93,6,16
2430,32768.0,9348.9,285305.7,6,16
2431,65536.0,5573.0,85037.27,6,16
2432,131072.0,9831.56,75008.83,6,16
2433,262144.0,9713.21,37052.95,6,16
2434,524288.0,9680.06,18463.25,6,16
2435,1048576.0,9444.75,9007.21,6,16
2436,2097152.0,9685.7,4618.5,6,16
2437,4194304.0,9685.46,2309.19,6,16
2438,1.0,1.18,1179033.39,7,16
2439,2.0,2.39,1194225.25,7,16
2440,4.0,4.67,1168725.21,7,16
2441,8.0,9.56,1195314.76,7,16
2442,16.0,18.95,1184141.72,7,16
2443,32.0,36.63,1144720.81,7,16
2444,64.0,74.64,1166298.28,7,16
2445,128.0,141.29,1103798.47,7,16
2446,256.0,276.91,1081689.33,7,16
2447,512.0,567.13,1107666.14,7,16
2448,1024.0,1133.14,1106579.2,7,16
2449,2048.0,1915.96,935525.71,7,16
2450,4096.0,4165.06,1016859.25,7,16
2451,8192.0,7119.06,869025.91,7,16
2452,16384.0,7572.29,462175.88,7,16
2453,32768.0,8936.77,272728.72,7,16
2454,65536.0,9222.38,140722.4,7,16
2455,131072.0,9751.78,74400.21,7,16
2456,262144.0,9672.53,36897.77,7,16
2457,524288.0,9772.94,18640.39,7,16
2458,1048576.0,9726.3,9275.72,7,16
2459,2097152.0,9754.27,4651.2,7,16
2460,4194304.0,9691.64,2310.67,7,16
2461,1.0,1.47,1473240.46,8,16
2462,2.0,2.93,1464833.12,8,16
2463,4.0,5.88,1469020.99,8,16
2464,8.0,11.87,1484116.73,8,16
2465,16.0,22.61,1412821.43,8,16
2466,32.0,41.02,1281851.67,8,16
2467,64.0,87.79,1371770.89,8,16
2468,128.0,172.27,1345870.01,8,16
2469,256.0,347.05,1355662.36,8,16
2470,512.0,688.37,1344468.47,8,16
2471,1024.0,1378.07,1345776.08,8,16
2472,2048.0,2736.4,1336132.91,8,16
2473,4096.0,2641.44,644882.24,8,16
2474,8192.0,5898.01,719971.42,8,16
2475,16384.0,6977.5,425872.62,8,16
2476,32768.0,8866.79,270592.93,8,16
2477,65536.0,10069.99,153655.91,8,16
2478,131072.0,9868.27,75288.95,8,16
2479,262144.0,9777.4,37297.83,8,16
2480,524288.0,9692.51,18487.0,8,16
2481,1048576.0,9784.35,9331.08,8,16
2482,2097152.0,9659.42,4605.97,8,16
2483,4194304.0,9755.35,2325.86,8,16
2484,1.0,1.13,1134800.94,9,16
2485,2.0,2.3,1149878.98,9,16
2486,4.0,4.38,1095853.37,9,16
2487,8.0,9.13,1140870.86,9,16
2488,16.0,18.09,1130390.4,9,16
2489,32.0,35.71,1116050.17,9,16
2490,64.0,68.74,1074065.23,9,16
2491,128.0,118.17,923210.16,9,16
2492,256.0,254.7,994938.85,9,16
2493,512.0,513.51,1002949.14,9,16
2494,1024.0,1032.18,1007991.26,9,16
2495,2048.0,2082.49,1016839.54,9,16
2496,4096.0,3863.09,943137.12,9,16
2497,8192.0,6210.83,758158.3,9,16
2498,16384.0,7847.2,478954.95,9,16
2499,32768.0,9097.06,277620.17,9,16
2500,65536.0,9584.21,146243.37,9,16
2501,131072.0,9843.3,75098.44,9,16
2502,262144.0,9765.77,37253.47,9,16
2503,524288.0,9752.38,18601.19,9,16
2504,1048576.0,9670.51,9222.51,9,16
2505,2097152.0,9739.04,4643.94,9,16
2506,4194304.0,9652.86,2301.42,9,16
2507,1.0,1.18,1181026.6,10,16
2508,2.0,2.36,1177601.0,10,16
2509,4.0,4.36,1088799.26,10,16
2510,8.0,9.19,1148679.62,10,16
2511,16.0,18.39,1149421.47,10,16
2512,32.0,36.08,1127572.42,10,16
2513,64.0,72.55,1133548.06,10,16
2514,128.0,142.28,1111583.29,10,16
2515,256.0,272.87,1065906.79,10,16
2516,512.0,562.31,1098254.95,10,16
2517,1024.0,1107.2,1081249.82,10,16
2518,2048.0,2141.17,1045491.56,10,16
2519,4096.0,4129.56,1008193.88,10,16
2520,8192.0,5172.24,631377.11,10,16
2521,16384.0,8705.56,531345.39,10,16
2522,32768.0,10296.87,314235.68,10,16
2523,65536.0,9800.3,149540.66,10,16
2524,131072.0,9414.93,71830.2,10,16
2525,262144.0,9654.85,36830.34,10,16
2526,524288.0,9775.98,18646.21,10,16
2527,1048576.0,9754.13,9302.27,10,16
2528,2097152.0,9742.23,4645.46,10,16
2529,4194304.0,9686.99,2309.56,10,16
2530,1.0,1.28,1280122.96,11,16
2531,2.0,2.54,1267857.26,11,16
2532,4.0,4.89,1221914.67,11,16
2533,8.0,10.23,1278536.17,11,16
2534,16.0,20.51,1281843.39,11,16
2535,32.0,39.14,1222983.91,11,16
2536,64.0,74.74,1167792.48,11,16
2537,128.0,153.6,1200001.57,11,16
2538,256.0,318.88,1245643.41,11,16
2539,512.0,624.31,1219363.61,11,16
2540,1024.0,1262.93,1233328.92,11,16
2541,2048.0,1987.68,970546.51,11,16
2542,4096.0,4559.56,1113173.33,11,16
2543,8192.0,6254.47,763484.71,11,16
2544,16384.0,5020.9,306451.6,11,16
2545,32768.0,7127.35,217509.57,11,16
2546,65536.0,8696.16,132692.83,11,16
2547,131072.0,9828.03,74981.94,11,16
2548,262144.0,9726.09,37102.08,11,16
2549,524288.0,9769.36,18633.57,11,16
2550,1048576.0,9808.26,9353.89,11,16
2551,2097152.0,9815.22,4680.26,11,16
2552,4194304.0,9832.07,2344.15,11,16
2553,1.0,1.36,1357011.92,12,16
2554,2.0,2.17,1082920.06,12,16
2555,4.0,5.24,1308813.86,12,16
2556,8.0,10.75,1343478.41,12,16
2557,16.0,13.14,821431.13,12,16
2558,32.0,42.51,1328389.75,12,16
2559,64.0,81.75,1277271.43,12,16
2560,128.0,155.0,1210913.6,12,16
2561,256.0,312.25,1219735.14,12,16
2562,512.0,623.03,1216858.61,12,16
2563,1024.0,1241.49,1212390.07,12,16
2564,2048.0,2386.54,1165302.91,12,16
2565,4096.0,4600.71,1123221.35,12,16
2566,8192.0,6075.99,741698.03,12,16
2567,16384.0,8736.66,533243.39,12,16
2568,32768.0,9220.05,281373.45,12,16
2569,65536.0,9841.54,150170.02,12,16
2570,131072.0,9459.72,72171.95,12,16
2571,262144.0,9828.98,37494.58,12,16
2572,524288.0,9770.64,18636.02,12,16
2573,1048576.0,9517.01,9076.13,12,16
2574,2097152.0,9740.18,4644.48,12,16
2575,4194304.0,9748.91,2324.32,12,16
2576,1.0,1.14,1136110.09,13,16
2577,2.0,2.79,1394007.47,13,16
2578,4.0,4.74,1185740.12,13,16
2579,8.0,11.07,1384035.49,13,16
2580,16.0,21.9,1368751.45,13,16
2581,32.0,44.3,1384447.98,13,16
2582,64.0,85.96,1343133.27,13,16
2583,128.0,167.31,1307134.44,13,16
2584,256.0,335.75,1311506.85,13,16
2585,512.0,625.72,1222114.34,13,16
2586,1024.0,1297.3,1266896.33,13,16
2587,2048.0,2477.62,1209776.07,13,16
2588,4096.0,3948.25,963927.9,13,16
2589,8192.0,5378.9,656603.55,13,16
2590,16384.0,8329.68,508403.2,13,16
2591,32768.0,9328.53,284684.07,13,16
2592,65536.0,10048.43,153326.95,13,16
2593,131072.0,9864.97,75263.75,13,16
2594,262144.0,9822.76,37470.85,13,16
2595,524288.0,9334.01,17803.22,13,16
2596,1048576.0,9861.4,9404.57,13,16
2597,2097152.0,9801.66,4673.79,13,16
2598,4194304.0,9820.25,2341.33,13,16
2599,1.0,1.01,1005518.63,14,16
2600,2.0,2.18,1090376.12,14,16
2601,4.0,4.57,1142691.89,14,16
2602,8.0,9.22,1151980.81,14,16
2603,16.0,18.26,1141263.2,14,16
2604,32.0,36.43,1138479.06,14,16
2605,64.0,73.04,1141239.39,14,16
2606,128.0,141.12,1102489.94,14,16
2607,256.0,271.65,1061113.88,14,16
2608,512.0,560.31,1094355.6,14,16
2609,1024.0,1103.99,1078116.56,14,16
2610,2048.0,2070.74,1011105.27,14,16
2611,4096.0,3027.21,739065.32,14,16
2612,8192.0,6657.39,812669.49,14,16
2613,16384.0,9284.17,566660.9,14,16
2614,32768.0,8976.76,273948.84,14,16
2615,65536.0,9847.69,150263.79,14,16
2616,131072.0,9765.19,74502.48,14,16
2617,262144.0,9771.88,37276.75,14,16
2618,524288.0,9257.47,17657.21,14,16
2619,1048576.0,9759.99,9307.85,14,16
2620,2097152.0,9726.9,4638.15,14,16
2621,4194304.0,9740.7,2322.36,14,16
2622,1.0,0.98,983675.1,15,16
2623,2.0,2.45,1222651.94,15,16
2624,4.0,4.52,1130137.42,15,16
2625,8.0,9.78,1222076.33,15,16
2626,16.0,19.31,1206580.54,15,16
2627,32.0,38.96,1217495.43,15,16
2628,64.0,75.49,1179606.06,15,16
2629,128.0,142.67,1114574.32,15,16
2630,256.0,251.71,983260.66,15,16
2631,512.0,561.71,1097096.7,15,16
2632,1024.0,1034.9,1010645.57,15,16
2633,2048.0,2111.67,1031090.35,15,16
2634,4096.0,4175.48,1019404.79,15,16
2635,8192.0,5364.88,654892.42,15,16
2636,16384.0,9040.99,551818.13,15,16
2637,32768.0,9853.74,300712.27,15,16
2638,65536.0,9862.13,150484.16,15,16
2639,131072.0,9809.41,74839.87,15,16
2640,262144.0,9824.81,37478.67,15,16
2641,524288.0,9827.34,18744.17,15,16
2642,1048576.0,9821.87,9366.87,15,16
2643,2097152.0,9676.7,4614.21,15,16
2644,4194304.0,9815.58,2340.22,15,16
2645,1.0,1.37,1369745.12,16,16
2646,2.0,2.78,1387712.81,16,16
2647,4.0,4.85,1213466.86,16,16
2648,8.0,11.09,1386118.79,16,16
2649,16.0,21.67,1354183.53,16,16
2650,32.0,44.26,1383112.94,16,16
2651,64.0,83.82,1309759.14,16,16
2652,128.0,159.07,1242731.27,16,16
2653,256.0,324.89,1269113.04,16,16
2654,512.0,630.88,1232181.29,16,16
2655,1024.0,1272.16,1242346.41,16,16
2656,2048.0,1853.56,905058.64,16,16
2657,4096.0,4576.18,1117230.74,16,16
2658,8192.0,6354.26,775665.95,16,16
2659,16384.0,8092.49,493926.52,16,16
2660,32768.0,9696.07,295900.64,16,16
2661,65536.0,9548.6,145700.02,16,16
2662,131072.0,9793.02,74714.78,16,16
2663,262144.0,9771.11,37273.85,16,16
2664,524288.0,9709.11,18518.66,16,16
2665,1048576.0,9755.23,9303.31,16,16
2666,2097152.0,9745.47,4647.0,16,16
2667,4194304.0,9655.53,2302.06,16,16
2668,1.0,1.17,1172788.86,17,16
2669,2.0,2.23,1115608.75,17,16
2670,4.0,4.17,1043006.84,17,16
2671,8.0,8.07,1008713.97,17,16
2672,16.0,19.06,1191315.22,17,16
2673,32.0,38.64,1207451.31,17,16
2674,64.0,72.7,1135948.75,17,16
2675,128.0,142.1,1110144.84,17,16
2676,256.0,260.25,1016614.24,17,16
2677,512.0,543.25,1061041.91,17,16
2678,1024.0,1065.92,1040939.01,17,16
2679,2048.0,2187.67,1068199.11,17,16
2680,4096.0,3913.08,955341.41,17,16
2681,8192.0,5246.93,640494.56,17,16
2682,16384.0,7500.01,457764.3,17,16
2683,32768.0,9122.39,278393.31,17,16
2684,65536.0,8771.2,133837.95,17,16
2685,131072.0,9859.18,75219.56,17,16
2686,262144.0,9636.41,36759.99,17,16
2687,524288.0,9235.16,17614.66,17,16
2688,1048576.0,9697.57,9248.32,17,16
2689,2097152.0,9734.78,4641.91,17,16
2690,4194304.0,9745.68,2323.55,17,16
2691,1.0,1.35,1351262.87,18,16
2692,2.0,2.57,1282555.07,18,16
2693,4.0,5.07,1266675.18,18,16
2694,8.0,9.6,1200535.76,18,16
2695,16.0,21.81,1362887.22,18,16
2696,32.0,43.47,1358281.43,18,16
2697,64.0,81.56,1274390.52,18,16
2698,128.0,156.74,1224501.17,18,16
2699,256.0,319.4,1247650.33,18,16
2700,512.0,613.12,1197497.57,18,16
2701,1024.0,1237.37,1208372.4,18,16
2702,2048.0,2331.51,1138431.77,18,16
2703,4096.0,4448.77,1086124.82,18,16
2704,8192.0,5628.93,687125.64,18,16
2705,16384.0,8820.34,538350.53,18,16
2706,32768.0,9006.78,274865.06,18,16
2707,65536.0,9861.6,150476.12,18,16
2708,131072.0,9777.67,74597.68,18,16
2709,262144.0,9673.97,36903.27,18,16
2710,524288.0,9284.51,17708.81,18,16
2711,1048576.0,9777.01,9324.08,18,16
2712,2097152.0,9725.59,4637.52,18,16
2713,4194304.0,9737.91,2321.7,18,16
2714,1.0,1.19,1191861.98,19,16
2715,2.0,2.42,1209698.89,19,16
2716,4.0,4.83,1207628.49,19,16
2717,8.0,9.73,1216440.93,19,16
2718,16.0,19.34,1208763.77,19,16
2719,32.0,38.04,1188766.29,19,16
2720,64.0,72.35,1130423.04,19,16
2721,128.0,138.79,1084286.37,19,16
2722,256.0,223.76,874075.84,19,16
2723,512.0,521.09,1017756.61,19,16
2724,1024.0,1037.53,1013213.69,19,16
2725,2048.0,1513.04,738789.62,19,16
2726,4096.0,3209.14,783480.68,19,16
2727,8192.0,5749.09,701793.15,19,16
2728,16384.0,8551.83,521962.48,19,16
2729,32768.0,9517.37,290447.0,19,16
2730,65536.0,9284.16,141665.05,19,16
2731,131072.0,9923.49,75710.25,19,16
2732,262144.0,9607.86,36651.08,19,16
2733,524288.0,9748.81,18594.38,19,16
2734,1048576.0,9784.2,9330.94,19,16
2735,2097152.0,9605.9,4580.45,19,16
2736,4194304.0,9729.51,2319.7,19,16
2737,1.0,5.49,5494507.26,19,64
2738,2.0,5.12,2562461.89,19,64
2739,4.0,21.35,5338188.86,19,64
2740,8.0,43.77,5471268.28,19,64
2741,16.0,73.62,4601413.15,19,64
2742,32.0,174.28,5446304.87,19,64
2743,64.0,342.11,5345483.31,19,64
2744,128.0,661.12,5164973.23,19,64
2745,256.0,1117.23,4364182.79,19,64
2746,512.0,2597.92,5074063.11,19,64
2747,1024.0,5153.64,5032856.34,19,64
2748,2048.0,9020.57,4404575.11,19,64
2749,4096.0,19152.44,4675889.72,19,64
2750,8192.0,22218.81,2712256.52,19,64
2751,16384.0,17805.0,1086731.14,19,64
2752,32768.0,29219.7,891714.35,19,64
2753,65536.0,38129.28,581806.62,19,64
2754,131072.0,39160.01,298767.2,19,64
2755,262144.0,39180.96,149463.51,19,64
2756,524288.0,36988.17,70549.33,19,64
2757,1048576.0,39121.29,37308.97,19,64
2758,2097152.0,39158.98,18672.46,19,64
2759,4194304.0,39178.47,9340.88,19,64
