,Size,Latency(us),iter,pods
0,1.0,149.58,0,32
1,2.0,149.79,0,32
2,4.0,151.36,0,32
3,8.0,151.07,0,32
4,16.0,148.87,0,32
5,32.0,154.71,0,32
6,64.0,173.73,0,32
7,128.0,173.6,0,32
8,256.0,172.32,0,32
9,512.0,175.71,0,32
10,1024.0,175.28,0,32
11,2048.0,185.24,0,32
12,4096.0,184.56,0,32
13,8192.0,189.26,0,32
14,16384.0,222.44,0,32
15,32768.0,238.17,0,32
16,65536.0,489.95,0,32
17,131072.0,582.28,0,32
18,262144.0,756.54,0,32
19,524288.0,1175.0,0,32
20,1048576.0,2082.76,0,32
21,2097152.0,3758.46,0,32
22,4194304.0,7254.72,0,32
23,1.0,225.45,1,32
24,2.0,238.68,1,32
25,4.0,227.81,1,32
26,8.0,233.85,1,32
27,16.0,236.73,1,32
28,32.0,244.04,1,32
29,64.0,253.21,1,32
30,128.0,250.69,1,32
31,256.0,265.32,1,32
32,512.0,262.91,1,32
33,1024.0,239.67,1,32
34,2048.0,265.62,1,32
35,4096.0,277.06,1,32
36,8192.0,304.55,1,32
37,16384.0,283.99,1,32
38,32768.0,331.1,1,32
39,65536.0,606.84,1,32
40,131072.0,713.47,1,32
41,262144.0,925.53,1,32
42,524288.0,1248.65,1,32
43,1048576.0,2128.47,1,32
44,2097152.0,4157.08,1,32
45,4194304.0,7859.63,1,32
46,1.0,159.87,2,32
47,2.0,158.93,2,32
48,4.0,162.38,2,32
49,8.0,159.72,2,32
50,16.0,165.82,2,32
51,32.0,161.31,2,32
52,64.0,181.19,2,32
53,128.0,184.97,2,32
54,256.0,186.39,2,32
55,512.0,188.51,2,32
56,1024.0,190.01,2,32
57,2048.0,195.64,2,32
58,4096.0,201.11,2,32
59,8192.0,218.19,2,32
60,16384.0,224.26,2,32
61,32768.0,250.65,2,32
62,65536.0,542.68,2,32
63,131072.0,678.38,2,32
64,262144.0,920.08,2,32
65,524288.0,1330.29,2,32
66,1048576.0,2236.67,2,32
67,2097152.0,4088.45,2,32
68,4194304.0,8106.84,2,32
69,1.0,183.78,3,32
70,2.0,177.14,3,32
71,4.0,172.49,3,32
72,8.0,177.38,3,32
73,16.0,175.73,3,32
74,32.0,170.12,3,32
75,64.0,197.57,3,32
76,128.0,191.41,3,32
77,256.0,200.12,3,32
78,512.0,205.83,3,32
79,1024.0,194.59,3,32
80,2048.0,207.15,3,32
81,4096.0,209.2,3,32
82,8192.0,216.82,3,32
83,16384.0,234.61,3,32
84,32768.0,259.74,3,32
85,65536.0,536.21,3,32
86,131072.0,662.6,3,32
87,262144.0,841.53,3,32
88,524288.0,1303.46,3,32
89,1048576.0,2232.74,3,32
90,2097152.0,4281.44,3,32
91,4194304.0,8310.16,3,32
92,1.0,120.84,4,32
93,2.0,122.68,4,32
94,4.0,124.03,4,32
95,8.0,123.21,4,32
96,16.0,122.98,4,32
97,32.0,130.68,4,32
98,64.0,147.34,4,32
99,128.0,145.89,4,32
100,256.0,145.94,4,32
101,512.0,146.79,4,32
102,1024.0,145.95,4,32
103,2048.0,152.16,4,32
104,4096.0,161.49,4,32
105,8192.0,148.81,4,32
106,16384.0,151.45,4,32
107,32768.0,175.22,4,32
108,65536.0,417.29,4,32
109,131072.0,501.95,4,32
110,262144.0,725.12,4,32
111,524288.0,1101.43,4,32
112,1048576.0,2050.69,4,32
113,2097152.0,3813.81,4,32
114,4194304.0,7173.17,4,32
115,1.0,188.63,5,32
116,2.0,186.43,5,32
117,4.0,188.67,5,32
118,8.0,189.32,5,32
119,16.0,191.31,5,32
120,32.0,190.93,5,32
121,64.0,213.45,5,32
122,128.0,219.72,5,32
123,256.0,209.83,5,32
124,512.0,213.89,5,32
125,1024.0,216.35,5,32
126,2048.0,218.68,5,32
127,4096.0,224.77,5,32
128,8192.0,240.49,5,32
129,16384.0,241.97,5,32
130,32768.0,258.08,5,32
131,65536.0,605.5,5,32
132,131072.0,698.46,5,32
133,262144.0,898.12,5,32
134,524288.0,1384.63,5,32
135,1048576.0,2404.45,5,32
136,2097152.0,4590.0,5,32
137,4194304.0,8937.76,5,32
138,1.0,163.15,6,32
139,2.0,157.36,6,32
140,4.0,155.54,6,32
141,8.0,169.4,6,32
142,16.0,174.24,6,32
143,32.0,182.62,6,32
144,64.0,196.61,6,32
145,128.0,186.77,6,32
146,256.0,187.65,6,32
147,512.0,193.03,6,32
148,1024.0,200.13,6,32
149,2048.0,220.15,6,32
150,4096.0,213.64,6,32
151,8192.0,224.48,6,32
152,16384.0,236.27,6,32
153,32768.0,261.92,6,32
154,65536.0,537.35,6,32
155,131072.0,637.31,6,32
156,262144.0,849.42,6,32
157,524288.0,1231.33,6,32
158,1048576.0,2058.89,6,32
159,2097152.0,3918.72,6,32
160,4194304.0,7621.31,6,32
161,1.0,149.64,7,32
162,2.0,152.33,7,32
163,4.0,144.81,7,32
164,8.0,151.71,7,32
165,16.0,155.91,7,32
166,32.0,146.26,7,32
167,64.0,166.84,7,32
168,128.0,179.13,7,32
169,256.0,185.19,7,32
170,512.0,178.65,7,32
171,1024.0,185.62,7,32
172,2048.0,183.86,7,32
173,4096.0,191.57,7,32
174,8192.0,197.65,7,32
175,16384.0,207.97,7,32
176,32768.0,230.03,7,32
177,65536.0,479.99,7,32
178,131072.0,570.16,7,32
179,262144.0,741.5,7,32
180,524288.0,1180.26,7,32
181,1048576.0,2023.1,7,32
182,2097152.0,3765.5,7,32
183,4194304.0,7191.47,7,32
184,1.0,230.22,8,32
185,2.0,241.74,8,32
186,4.0,238.45,8,32
187,8.0,232.72,8,32
188,16.0,235.79,8,32
189,32.0,239.2,8,32
190,64.0,256.84,8,32
191,128.0,258.43,8,32
192,256.0,260.08,8,32
193,512.0,263.54,8,32
194,1024.0,260.92,8,32
195,2048.0,267.63,8,32
196,4096.0,272.01,8,32
197,8192.0,283.5,8,32
198,16384.0,290.49,8,32
199,32768.0,339.68,8,32
200,65536.0,668.52,8,32
201,131072.0,757.53,8,32
202,262144.0,976.98,8,32
203,524288.0,1307.04,8,32
204,1048576.0,2282.24,8,32
205,2097152.0,4637.98,8,32
206,4194304.0,9158.13,8,32
207,1.0,161.98,9,32
208,2.0,158.81,9,32
209,4.0,160.78,9,32
210,8.0,168.3,9,32
211,16.0,161.7,9,32
212,32.0,160.86,9,32
213,64.0,182.88,9,32
214,128.0,181.78,9,32
215,256.0,186.19,9,32
216,512.0,187.23,9,32
217,1024.0,183.48,9,32
218,2048.0,197.81,9,32
219,4096.0,196.65,9,32
220,8192.0,205.97,9,32
221,16384.0,246.28,9,32
222,32768.0,234.95,9,32
223,65536.0,518.24,9,32
224,131072.0,609.17,9,32
225,262144.0,792.97,9,32
226,524288.0,1149.83,9,32
227,1048576.0,2053.33,9,32
228,2097152.0,3835.03,9,32
229,4194304.0,7408.34,9,32
230,1.0,156.43,10,32
231,2.0,152.99,10,32
232,4.0,153.31,10,32
233,8.0,152.03,10,32
234,16.0,151.55,10,32
235,32.0,156.26,10,32
236,64.0,174.93,10,32
237,128.0,174.7,10,32
238,256.0,174.6,10,32
239,512.0,173.96,10,32
240,1024.0,181.28,10,32
241,2048.0,187.69,10,32
242,4096.0,190.6,10,32
243,8192.0,191.46,10,32
244,16384.0,214.24,10,32
245,32768.0,237.54,10,32
246,65536.0,513.79,10,32
247,131072.0,595.74,10,32
248,262144.0,803.52,10,32
249,524288.0,1204.92,10,32
250,1048576.0,2147.43,10,32
251,2097152.0,4039.22,10,32
252,4194304.0,7846.67,10,32
253,1.0,153.85,11,32
254,2.0,155.58,11,32
255,4.0,151.89,11,32
256,8.0,154.93,11,32
257,16.0,156.38,11,32
258,32.0,157.44,11,32
259,64.0,176.35,11,32
260,128.0,182.53,11,32
261,256.0,175.99,11,32
262,512.0,181.81,11,32
263,1024.0,182.86,11,32
264,2048.0,187.59,11,32
265,4096.0,195.51,11,32
266,8192.0,196.7,11,32
267,16384.0,194.58,11,32
268,32768.0,232.33,11,32
269,65536.0,502.11,11,32
270,131072.0,616.96,11,32
271,262144.0,805.47,11,32
272,524288.0,1248.87,11,32
273,1048576.0,2084.36,11,32
274,2097152.0,3735.29,11,32
275,4194304.0,7237.35,11,32
276,1.0,170.76,12,32
277,2.0,172.57,12,32
278,4.0,168.55,12,32
279,8.0,168.67,12,32
280,16.0,170.65,12,32
281,32.0,174.4,12,32
282,64.0,191.36,12,32
283,128.0,191.15,12,32
284,256.0,189.99,12,32
285,512.0,193.37,12,32
286,1024.0,199.13,12,32
287,2048.0,200.2,12,32
288,4096.0,205.61,12,32
289,8192.0,210.05,12,32
290,16384.0,212.2,12,32
291,32768.0,238.65,12,32
292,65536.0,501.26,12,32
293,131072.0,608.68,12,32
294,262144.0,864.88,12,32
295,524288.0,1259.82,12,32
296,1048576.0,2193.52,12,32
297,2097152.0,4384.64,12,32
298,4194304.0,8599.77,12,32
299,1.0,136.02,13,32
300,2.0,136.12,13,32
301,4.0,137.36,13,32
302,8.0,135.35,13,32
303,16.0,140.17,13,32
304,32.0,134.05,13,32
305,64.0,157.45,13,32
306,128.0,160.19,13,32
307,256.0,157.57,13,32
308,512.0,159.76,13,32
309,1024.0,163.2,13,32
310,2048.0,164.45,13,32
311,4096.0,171.31,13,32
312,8192.0,167.97,13,32
313,16384.0,172.85,13,32
314,32768.0,214.92,13,32
315,65536.0,452.41,13,32
316,131072.0,548.11,13,32
317,262144.0,789.1,13,32
318,524288.0,1120.85,13,32
319,1048576.0,2043.99,13,32
320,2097152.0,3654.93,13,32
321,4194304.0,7135.78,13,32
322,1.0,150.8,14,32
323,2.0,148.91,14,32
324,4.0,154.01,14,32
325,8.0,149.33,14,32
326,16.0,148.68,14,32
327,32.0,152.86,14,32
328,64.0,171.79,14,32
329,128.0,175.25,14,32
330,256.0,172.11,14,32
331,512.0,172.8,14,32
332,1024.0,172.81,14,32
333,2048.0,184.62,14,32
334,4096.0,180.7,14,32
335,8192.0,194.3,14,32
336,16384.0,203.22,14,32
337,32768.0,218.83,14,32
338,65536.0,457.6,14,32
339,131072.0,559.05,14,32
340,262144.0,769.04,14,32
341,524288.0,1134.45,14,32
342,1048576.0,2016.05,14,32
343,2097152.0,3797.49,14,32
344,4194304.0,7304.61,14,32
345,1.0,203.25,15,32
346,2.0,206.63,15,32
347,4.0,203.59,15,32
348,8.0,207.99,15,32
349,16.0,210.22,15,32
350,32.0,203.95,15,32
351,64.0,235.45,15,32
352,128.0,226.61,15,32
353,256.0,241.33,15,32
354,512.0,227.48,15,32
355,1024.0,237.49,15,32
356,2048.0,236.18,15,32
357,4096.0,252.17,15,32
358,8192.0,259.83,15,32
359,16384.0,261.53,15,32
360,32768.0,281.51,15,32
361,65536.0,579.46,15,32
362,131072.0,694.32,15,32
363,262144.0,986.28,15,32
364,524288.0,1375.01,15,32
365,1048576.0,2442.59,15,32
366,2097152.0,4583.15,15,32
367,4194304.0,8963.13,15,32
368,1.0,163.41,16,32
369,2.0,165.55,16,32
370,4.0,161.4,16,32
371,8.0,158.18,16,32
372,16.0,162.81,16,32
373,32.0,159.17,16,32
374,64.0,184.74,16,32
375,128.0,189.72,16,32
376,256.0,182.46,16,32
377,512.0,187.29,16,32
378,1024.0,183.99,16,32
379,2048.0,192.65,16,32
380,4096.0,201.31,16,32
381,8192.0,203.18,16,32
382,16384.0,217.46,16,32
383,32768.0,249.78,16,32
384,65536.0,510.89,16,32
385,131072.0,640.42,16,32
386,262144.0,837.31,16,32
387,524288.0,1226.81,16,32
388,1048576.0,2141.8,16,32
389,2097152.0,4159.13,16,32
390,4194304.0,8228.04,16,32
391,1.0,134.2,17,32
392,2.0,131.31,17,32
393,4.0,135.12,17,32
394,8.0,134.48,17,32
395,16.0,134.32,17,32
396,32.0,136.1,17,32
397,64.0,154.84,17,32
398,128.0,156.32,17,32
399,256.0,158.1,17,32
400,512.0,160.3,17,32
401,1024.0,160.28,17,32
402,2048.0,172.99,17,32
403,4096.0,168.01,17,32
404,8192.0,172.47,17,32
405,16384.0,172.38,17,32
406,32768.0,213.52,17,32
407,65536.0,448.18,17,32
408,131072.0,551.65,17,32
409,262144.0,713.94,17,32
410,524288.0,1148.06,17,32
411,1048576.0,2060.65,17,32
412,2097152.0,3765.05,17,32
413,4194304.0,7282.86,17,32
414,1.0,158.61,18,32
415,2.0,159.24,18,32
416,4.0,152.12,18,32
417,8.0,153.94,18,32
418,16.0,153.7,18,32
419,32.0,155.3,18,32
420,64.0,181.61,18,32
421,128.0,173.91,18,32
422,256.0,176.2,18,32
423,512.0,177.42,18,32
424,1024.0,178.1,18,32
425,2048.0,189.38,18,32
426,4096.0,188.28,18,32
427,8192.0,195.37,18,32
428,16384.0,210.31,18,32
429,32768.0,228.14,18,32
430,65536.0,480.81,18,32
431,131072.0,566.74,18,32
432,262144.0,790.4,18,32
433,524288.0,1182.93,18,32
434,1048576.0,2077.33,18,32
435,2097152.0,3902.74,18,32
436,4194304.0,7367.02,18,32
437,1.0,152.41,19,32
438,2.0,147.46,19,32
439,4.0,148.32,19,32
440,8.0,148.35,19,32
441,16.0,147.84,19,32
442,32.0,148.72,19,32
443,64.0,172.78,19,32
444,128.0,176.82,19,32
445,256.0,174.17,19,32
446,512.0,172.99,19,32
447,1024.0,170.84,19,32
448,2048.0,179.23,19,32
449,4096.0,186.21,19,32
450,8192.0,199.18,19,32
451,16384.0,205.74,19,32
452,32768.0,227.28,19,32
453,65536.0,491.31,19,32
454,131072.0,558.53,19,32
455,262144.0,747.78,19,32
456,524288.0,1167.09,19,32
457,1048576.0,1973.17,19,32
458,2097152.0,4002.22,19,32
459,4194304.0,7285.45,19,32
460,1.0,179.89,0,128
461,2.0,174.17,0,128
462,4.0,177.55,0,128
463,8.0,174.49,0,128
464,16.0,173.17,0,128
465,32.0,177.69,0,128
466,64.0,196.46,0,128
467,128.0,197.88,0,128
468,256.0,197.85,0,128
469,512.0,197.73,0,128
470,1024.0,201.4,0,128
471,2048.0,207.14,0,128
472,4096.0,221.32,0,128
473,8192.0,215.54,0,128
474,16384.0,222.21,0,128
475,32768.0,259.61,0,128
476,65536.0,547.88,0,128
477,131072.0,642.75,0,128
478,262144.0,872.97,0,128
479,524288.0,1312.5,0,128
480,1048576.0,2454.02,0,128
481,2097152.0,4408.99,0,128
482,4194304.0,8639.08,0,128
483,1.0,187.06,1,128
484,2.0,189.79,1,128
485,4.0,185.8,1,128
486,8.0,192.57,1,128
487,16.0,182.73,1,128
488,32.0,188.66,1,128
489,64.0,210.56,1,128
490,128.0,215.71,1,128
491,256.0,211.53,1,128
492,512.0,205.15,1,128
493,1024.0,208.47,1,128
494,2048.0,218.74,1,128
495,4096.0,219.96,1,128
496,8192.0,227.55,1,128
497,16384.0,228.1,1,128
498,32768.0,261.74,1,128
499,65536.0,526.27,1,128
500,131072.0,651.04,1,128
501,262144.0,862.59,1,128
502,524288.0,1286.83,1,128
503,1048576.0,2271.37,1,128
504,2097152.0,4370.4,1,128
505,4194304.0,8430.03,1,128
506,1.0,126.91,2,128
507,2.0,119.95,2,128
508,4.0,125.72,2,128
509,8.0,124.87,2,128
510,16.0,126.3,2,128
511,32.0,122.4,2,128
512,64.0,142.88,2,128
513,128.0,144.9,2,128
514,256.0,143.62,2,128
515,512.0,149.3,2,128
516,1024.0,144.38,2,128
517,2048.0,159.92,2,128
518,4096.0,154.24,2,128
519,8192.0,150.24,2,128
520,16384.0,152.23,2,128
521,32768.0,182.25,2,128
522,65536.0,452.62,2,128
523,131072.0,505.2,2,128
524,262144.0,699.54,2,128
525,524288.0,1105.69,2,128
526,1048576.0,1950.48,2,128
527,2097152.0,3491.32,2,128
528,4194304.0,6690.7,2,128
529,1.0,161.21,3,128
530,2.0,161.19,3,128
531,4.0,163.7,3,128
532,8.0,165.72,3,128
533,16.0,164.51,3,128
534,32.0,164.97,3,128
535,64.0,183.46,3,128
536,128.0,188.36,3,128
537,256.0,185.93,3,128
538,512.0,184.55,3,128
539,1024.0,188.75,3,128
540,2048.0,200.3,3,128
541,4096.0,199.15,3,128
542,8192.0,207.67,3,128
543,16384.0,208.56,3,128
544,32768.0,222.4,3,128
545,65536.0,503.03,3,128
546,131072.0,607.38,3,128
547,262144.0,840.37,3,128
548,524288.0,1274.55,3,128
549,1048576.0,2239.36,3,128
550,2097152.0,4178.01,3,128
551,4194304.0,8269.77,3,128
552,1.0,143.54,4,128
553,2.0,140.53,4,128
554,4.0,143.38,4,128
555,8.0,148.05,4,128
556,16.0,143.04,4,128
557,32.0,140.93,4,128
558,64.0,161.2,4,128
559,128.0,159.92,4,128
560,256.0,162.15,4,128
561,512.0,169.19,4,128
562,1024.0,170.41,4,128
563,2048.0,169.77,4,128
564,4096.0,174.96,4,128
565,8192.0,176.58,4,128
566,16384.0,180.06,4,128
567,32768.0,199.9,4,128
568,65536.0,446.49,4,128
569,131072.0,553.66,4,128
570,262144.0,735.45,4,128
571,524288.0,1206.52,4,128
572,1048576.0,1925.93,4,128
573,2097152.0,3533.27,4,128
574,4194304.0,6678.34,4,128
575,1.0,164.47,5,128
576,2.0,167.99,5,128
577,4.0,160.12,5,128
578,8.0,166.58,5,128
579,16.0,168.67,5,128
580,32.0,165.16,5,128
581,64.0,190.99,5,128
582,128.0,187.46,5,128
583,256.0,185.19,5,128
584,512.0,190.51,5,128
585,1024.0,191.53,5,128
586,2048.0,199.02,5,128
587,4096.0,205.33,5,128
588,8192.0,209.29,5,128
589,16384.0,210.13,5,128
590,32768.0,227.42,5,128
591,65536.0,487.29,5,128
592,131072.0,614.5,5,128
593,262144.0,771.94,5,128
594,524288.0,1173.57,5,128
595,1048576.0,2060.48,5,128
596,2097152.0,3758.83,5,128
597,4194304.0,7192.64,5,128
598,1.0,146.77,6,128
599,2.0,144.39,6,128
600,4.0,144.81,6,128
601,8.0,147.67,6,128
602,16.0,147.92,6,128
603,32.0,154.94,6,128
604,64.0,168.36,6,128
605,128.0,165.81,6,128
606,256.0,167.66,6,128
607,512.0,169.87,6,128
608,1024.0,168.45,6,128
609,2048.0,184.62,6,128
610,4096.0,182.64,6,128
611,8192.0,190.08,6,128
612,16384.0,195.47,6,128
613,32768.0,212.38,6,128
614,65536.0,463.66,6,128
615,131072.0,568.07,6,128
616,262144.0,773.65,6,128
617,524288.0,1125.16,6,128
618,1048576.0,1996.22,6,128
619,2097152.0,3581.92,6,128
620,4194304.0,6875.22,6,128
621,1.0,163.86,7,128
622,2.0,166.63,7,128
623,4.0,170.81,7,128
624,8.0,165.27,7,128
625,16.0,168.44,7,128
626,32.0,167.12,7,128
627,64.0,191.96,7,128
628,128.0,191.83,7,128
629,256.0,197.68,7,128
630,512.0,191.55,7,128
631,1024.0,194.33,7,128
632,2048.0,202.55,7,128
633,4096.0,206.08,7,128
634,8192.0,220.98,7,128
635,16384.0,214.26,7,128
636,32768.0,241.42,7,128
637,65536.0,504.49,7,128
638,131072.0,607.6,7,128
639,262144.0,794.09,7,128
640,524288.0,1230.56,7,128
641,1048576.0,2187.8,7,128
642,2097152.0,4292.55,7,128
643,4194304.0,8243.52,7,128
644,1.0,147.6,8,128
645,2.0,143.6,8,128
646,4.0,142.31,8,128
647,8.0,143.42,8,128
648,16.0,149.93,8,128
649,32.0,143.96,8,128
650,64.0,168.13,8,128
651,128.0,170.17,8,128
652,256.0,165.98,8,128
653,512.0,167.27,8,128
654,1024.0,172.78,8,128
655,2048.0,175.46,8,128
656,4096.0,181.06,8,128
657,8192.0,183.16,8,128
658,16384.0,191.7,8,128
659,32768.0,219.18,8,128
660,65536.0,451.56,8,128
661,131072.0,544.41,8,128
662,262144.0,730.9,8,128
663,524288.0,1179.98,8,128
664,1048576.0,2040.23,8,128
665,2097152.0,3797.89,8,128
666,4194304.0,7195.5,8,128
667,1.0,157.21,9,128
668,2.0,160.78,9,128
669,4.0,159.08,9,128
670,8.0,157.14,9,128
671,16.0,159.15,9,128
672,32.0,160.3,9,128
673,64.0,179.84,9,128
674,128.0,180.2,9,128
675,256.0,180.86,9,128
676,512.0,180.48,9,128
677,1024.0,183.13,9,128
678,2048.0,195.35,9,128
679,4096.0,195.53,9,128
680,8192.0,199.05,9,128
681,16384.0,206.08,9,128
682,32768.0,255.2,9,128
683,65536.0,493.46,9,128
684,131072.0,597.9,9,128
685,262144.0,814.25,9,128
686,524288.0,1262.63,9,128
687,1048576.0,2202.39,9,128
688,2097152.0,4163.4,9,128
689,4194304.0,8002.54,9,128
690,1.0,155.4,10,128
691,2.0,156.2,10,128
692,4.0,154.36,10,128
693,8.0,154.43,10,128
694,16.0,154.92,10,128
695,32.0,152.83,10,128
696,64.0,173.08,10,128
697,128.0,177.78,10,128
698,256.0,180.36,10,128
699,512.0,182.54,10,128
700,1024.0,181.87,10,128
701,2048.0,188.4,10,128
702,4096.0,197.75,10,128
703,8192.0,201.55,10,128
704,16384.0,206.02,10,128
705,32768.0,249.89,10,128
706,65536.0,532.21,10,128
707,131072.0,604.5,10,128
708,262144.0,826.39,10,128
709,524288.0,1264.8,10,128
710,1048576.0,2106.64,10,128
711,2097152.0,4166.96,10,128
712,4194304.0,7977.89,10,128
713,1.0,147.28,11,128
714,2.0,146.62,11,128
715,4.0,142.69,11,128
716,8.0,143.28,11,128
717,16.0,145.09,11,128
718,32.0,144.66,11,128
719,64.0,168.73,11,128
720,128.0,172.03,11,128
721,256.0,166.52,11,128
722,512.0,167.54,11,128
723,1024.0,171.24,11,128
724,2048.0,176.28,11,128
725,4096.0,182.78,11,128
726,8192.0,194.73,11,128
727,16384.0,211.08,11,128
728,32768.0,239.43,11,128
729,65536.0,472.42,11,128
730,131072.0,578.92,11,128
731,262144.0,778.07,11,128
732,524288.0,1221.82,11,128
733,1048576.0,2050.68,11,128
734,2097152.0,4091.07,11,128
735,4194304.0,7872.67,11,128
736,1.0,160.16,12,128
737,2.0,162.78,12,128
738,4.0,162.18,12,128
739,8.0,163.09,12,128
740,16.0,161.08,12,128
741,32.0,160.0,12,128
742,64.0,183.16,12,128
743,128.0,185.46,12,128
744,256.0,186.36,12,128
745,512.0,182.58,12,128
746,1024.0,185.33,12,128
747,2048.0,194.59,12,128
748,4096.0,203.76,12,128
749,8192.0,211.66,12,128
750,16384.0,212.57,12,128
751,32768.0,243.08,12,128
752,65536.0,506.0,12,128
753,131072.0,584.93,12,128
754,262144.0,771.13,12,128
755,524288.0,1133.26,12,128
756,1048576.0,2037.8,12,128
757,2097152.0,3829.35,12,128
758,4194304.0,7329.7,12,128
759,1.0,155.44,13,128
760,2.0,155.29,13,128
761,4.0,152.58,13,128
762,8.0,151.15,13,128
763,16.0,154.66,13,128
764,32.0,150.35,13,128
765,64.0,178.21,13,128
766,128.0,173.6,13,128
767,256.0,173.35,13,128
768,512.0,174.56,13,128
769,1024.0,177.52,13,128
770,2048.0,185.86,13,128
771,4096.0,188.02,13,128
772,8192.0,189.54,13,128
773,16384.0,195.07,13,128
774,32768.0,213.67,13,128
775,65536.0,494.68,13,128
776,131072.0,558.53,13,128
777,262144.0,738.4,13,128
778,524288.0,1152.13,13,128
779,1048576.0,2072.44,13,128
780,2097152.0,3816.43,13,128
781,4194304.0,7374.4,13,128
782,1.0,176.79,14,128
783,2.0,174.48,14,128
784,4.0,173.19,14,128
785,8.0,170.25,14,128
786,16.0,173.38,14,128
787,32.0,176.51,14,128
788,64.0,195.91,14,128
789,128.0,199.74,14,128
790,256.0,201.73,14,128
791,512.0,203.12,14,128
792,1024.0,207.36,14,128
793,2048.0,212.82,14,128
794,4096.0,213.79,14,128
795,8192.0,228.16,14,128
796,16384.0,254.73,14,128
797,32768.0,254.91,14,128
798,65536.0,540.06,14,128
799,131072.0,634.04,14,128
800,262144.0,898.99,14,128
801,524288.0,1263.08,14,128
802,1048576.0,2203.49,14,128
803,2097152.0,4278.41,14,128
804,4194304.0,8439.44,14,128
805,1.0,142.74,15,128
806,2.0,135.6,15,128
807,4.0,138.11,15,128
808,8.0,134.89,15,128
809,16.0,135.77,15,128
810,32.0,137.83,15,128
811,64.0,156.45,15,128
812,128.0,163.73,15,128
813,256.0,159.21,15,128
814,512.0,161.59,15,128
815,1024.0,159.58,15,128
816,2048.0,170.51,15,128
817,4096.0,174.44,15,128
818,8192.0,177.72,15,128
819,16384.0,174.79,15,128
820,32768.0,213.39,15,128
821,65536.0,445.88,15,128
822,131072.0,533.74,15,128
823,262144.0,767.38,15,128
824,524288.0,1138.56,15,128
825,1048576.0,2015.23,15,128
826,2097152.0,3693.62,15,128
827,4194304.0,7175.34,15,128
828,1.0,217.81,16,128
829,2.0,215.57,16,128
830,4.0,212.79,16,128
831,8.0,215.56,16,128
832,16.0,216.76,16,128
833,32.0,217.76,16,128
834,64.0,237.45,16,128
835,128.0,238.06,16,128
836,256.0,241.71,16,128
837,512.0,243.42,16,128
838,1024.0,242.2,16,128
839,2048.0,243.39,16,128
840,4096.0,255.19,16,128
841,8192.0,265.58,16,128
842,16384.0,294.9,16,128
843,32768.0,291.35,16,128
844,65536.0,590.84,16,128
845,131072.0,710.5,16,128
846,262144.0,942.45,16,128
847,524288.0,1414.27,16,128
848,1048576.0,2431.26,16,128
849,2097152.0,4635.06,16,128
850,4194304.0,8952.4,16,128
851,1.0,153.38,17,128
852,2.0,158.49,17,128
853,4.0,158.11,17,128
854,8.0,151.98,17,128
855,16.0,154.19,17,128
856,32.0,150.58,17,128
857,64.0,171.68,17,128
858,128.0,176.08,17,128
859,256.0,180.68,17,128
860,512.0,176.48,17,128
861,1024.0,175.03,17,128
862,2048.0,181.92,17,128
863,4096.0,186.48,17,128
864,8192.0,195.26,17,128
865,16384.0,196.53,17,128
866,32768.0,246.93,17,128
867,65536.0,469.52,17,128
868,131072.0,564.33,17,128
869,262144.0,774.53,17,128
870,524288.0,1193.47,17,128
871,1048576.0,2055.5,17,128
872,2097152.0,4127.5,17,128
873,4194304.0,7414.61,17,128
874,1.0,130.52,18,128
875,2.0,134.85,18,128
876,4.0,132.23,18,128
877,8.0,134.48,18,128
878,16.0,134.2,18,128
879,32.0,136.41,18,128
880,64.0,150.6,18,128
881,128.0,153.6,18,128
882,256.0,156.76,18,128
883,512.0,153.0,18,128
884,1024.0,153.88,18,128
885,2048.0,167.26,18,128
886,4096.0,165.91,18,128
887,8192.0,163.77,18,128
888,16384.0,184.97,18,128
889,32768.0,193.29,18,128
890,65536.0,443.76,18,128
891,131072.0,541.05,18,128
892,262144.0,753.08,18,128
893,524288.0,1101.03,18,128
894,1048576.0,1980.53,18,128
895,2097152.0,3759.42,18,128
896,4194304.0,7309.93,18,128
897,1.0,165.29,19,128
898,2.0,169.78,19,128
899,4.0,169.33,19,128
900,8.0,163.47,19,128
901,16.0,163.26,19,128
902,32.0,166.85,19,128
903,64.0,188.71,19,128
904,128.0,190.98,19,128
905,256.0,187.44,19,128
906,512.0,190.01,19,128
907,1024.0,191.27,19,128
908,2048.0,196.67,19,128
909,4096.0,205.89,19,128
910,8192.0,213.97,19,128
911,16384.0,220.79,19,128
912,32768.0,229.9,19,128
913,65536.0,498.2,19,128
914,131072.0,589.17,19,128
915,262144.0,764.26,19,128
916,524288.0,1225.7,19,128
917,1048576.0,2078.92,19,128
918,2097152.0,3853.26,19,128
919,4194304.0,7328.89,19,128
920,1.0,155.28,0,64
921,2.0,158.56,0,64
922,4.0,160.22,0,64
923,8.0,158.13,0,64
924,16.0,160.13,0,64
925,32.0,158.73,0,64
926,64.0,178.2,0,64
927,128.0,179.82,0,64
928,256.0,186.25,0,64
929,512.0,182.55,0,64
930,1024.0,186.39,0,64
931,2048.0,190.6,0,64
932,4096.0,192.14,0,64
933,8192.0,200.03,0,64
934,16384.0,198.21,0,64
935,32768.0,226.0,0,64
936,65536.0,481.71,0,64
937,131072.0,608.57,0,64
938,262144.0,786.9,0,64
939,524288.0,1240.47,0,64
940,1048576.0,2192.28,0,64
941,2097152.0,4214.65,0,64
942,4194304.0,8081.13,0,64
943,1.0,158.53,1,64
944,2.0,157.82,1,64
945,4.0,164.15,1,64
946,8.0,161.37,1,64
947,16.0,164.02,1,64
948,32.0,159.75,1,64
949,64.0,180.11,1,64
950,128.0,183.19,1,64
951,256.0,188.98,1,64
952,512.0,184.74,1,64
953,1024.0,188.75,1,64
954,2048.0,191.5,1,64
955,4096.0,194.49,1,64
956,8192.0,197.81,1,64
957,16384.0,209.74,1,64
958,32768.0,249.59,1,64
959,65536.0,506.54,1,64
960,131072.0,604.14,1,64
961,262144.0,767.66,1,64
962,524288.0,1182.99,1,64
963,1048576.0,2059.0,1,64
964,2097152.0,3768.08,1,64
965,4194304.0,7174.28,1,64
966,1.0,203.01,2,64
967,2.0,208.41,2,64
968,4.0,203.18,2,64
969,8.0,204.54,2,64
970,16.0,206.7,2,64
971,32.0,204.97,2,64
972,64.0,223.13,2,64
973,128.0,227.63,2,64
974,256.0,231.95,2,64
975,512.0,228.76,2,64
976,1024.0,231.42,2,64
977,2048.0,235.3,2,64
978,4096.0,248.74,2,64
979,8192.0,261.71,2,64
980,16384.0,268.65,2,64
981,32768.0,295.99,2,64
982,65536.0,632.86,2,64
983,131072.0,713.74,2,64
984,262144.0,943.24,2,64
985,524288.0,1395.83,2,64
986,1048576.0,2380.78,2,64
987,2097152.0,4550.33,2,64
988,4194304.0,8723.42,2,64
989,1.0,180.18,3,64
990,2.0,179.12,3,64
991,4.0,178.51,3,64
992,8.0,178.01,3,64
993,16.0,184.96,3,64
994,32.0,181.94,3,64
995,64.0,200.25,3,64
996,128.0,203.21,3,64
997,256.0,204.58,3,64
998,512.0,207.25,3,64
999,1024.0,208.33,3,64
1000,2048.0,211.99,3,64
1001,4096.0,220.73,3,64
1002,8192.0,222.89,3,64
1003,16384.0,224.36,3,64
1004,32768.0,249.34,3,64
1005,65536.0,533.02,3,64
1006,131072.0,650.75,3,64
1007,262144.0,824.56,3,64
1008,524288.0,1295.7,3,64
1009,1048576.0,2154.95,3,64
1010,2097152.0,4187.41,3,64
1011,4194304.0,8211.09,3,64
1012,1.0,157.32,4,64
1013,2.0,156.7,4,64
1014,4.0,161.96,4,64
1015,8.0,156.96,4,64
1016,16.0,160.81,4,64
1017,32.0,157.01,4,64
1018,64.0,181.51,4,64
1019,128.0,182.03,4,64
1020,256.0,183.26,4,64
1021,512.0,181.72,4,64
1022,1024.0,188.12,4,64
1023,2048.0,191.24,4,64
1024,4096.0,195.92,4,64
1025,8192.0,195.31,4,64
1026,16384.0,196.69,4,64
1027,32768.0,217.05,4,64
1028,65536.0,474.19,4,64
1029,131072.0,563.63,4,64
1030,262144.0,754.86,4,64
1031,524288.0,1216.87,4,64
1032,1048576.0,2063.08,4,64
1033,2097152.0,3990.91,4,64
1034,4194304.0,7287.31,4,64
1035,1.0,152.4,5,64
1036,2.0,152.69,5,64
1037,4.0,155.13,5,64
1038,8.0,155.8,5,64
1039,16.0,163.1,5,64
1040,32.0,158.46,5,64
1041,64.0,176.09,5,64
1042,128.0,178.14,5,64
1043,256.0,180.26,5,64
1044,512.0,183.34,5,64
1045,1024.0,184.28,5,64
1046,2048.0,196.89,5,64
1047,4096.0,186.2,5,64
1048,8192.0,197.48,5,64
1049,16384.0,205.62,5,64
1050,32768.0,233.42,5,64
1051,65536.0,484.06,5,64
1052,131072.0,606.37,5,64
1053,262144.0,805.34,5,64
1054,524288.0,1302.75,5,64
1055,1048576.0,2214.17,5,64
1056,2097152.0,4220.79,5,64
1057,4194304.0,8294.03,5,64
1058,1.0,161.64,6,64
1059,2.0,162.4,6,64
1060,4.0,165.27,6,64
1061,8.0,163.53,6,64
1062,16.0,163.89,6,64
1063,32.0,165.25,6,64
1064,64.0,184.39,6,64
1065,128.0,189.76,6,64
1066,256.0,185.03,6,64
1067,512.0,186.62,6,64
1068,1024.0,189.17,6,64
1069,2048.0,193.59,6,64
1070,4096.0,200.74,6,64
1071,8192.0,208.12,6,64
1072,16384.0,205.78,6,64
1073,32768.0,259.85,6,64
1074,65536.0,498.02,6,64
1075,131072.0,599.96,6,64
1076,262144.0,767.99,6,64
1077,524288.0,1160.3,6,64
1078,1048576.0,2313.35,6,64
1079,2097152.0,3894.88,6,64
1080,4194304.0,7562.69,6,64
1081,1.0,199.6,7,64
1082,2.0,208.47,7,64
1083,4.0,201.13,7,64
1084,8.0,200.66,7,64
1085,16.0,204.93,7,64
1086,32.0,200.61,7,64
1087,64.0,219.11,7,64
1088,128.0,228.77,7,64
1089,256.0,230.31,7,64
1090,512.0,237.74,7,64
1091,1024.0,234.23,7,64
1092,2048.0,236.19,7,64
1093,4096.0,247.52,7,64
1094,8192.0,257.75,7,64
1095,16384.0,253.2,7,64
1096,32768.0,298.81,7,64
1097,65536.0,547.05,7,64
1098,131072.0,683.55,7,64
1099,262144.0,896.95,7,64
1100,524288.0,1229.87,7,64
1101,1048576.0,2103.46,7,64
1102,2097152.0,4049.56,7,64
1103,4194304.0,7622.43,7,64
1104,1.0,168.7,8,64
1105,2.0,175.13,8,64
1106,4.0,169.01,8,64
1107,8.0,168.96,8,64
1108,16.0,171.25,8,64
1109,32.0,170.61,8,64
1110,64.0,187.45,8,64
1111,128.0,194.78,8,64
1112,256.0,187.45,8,64
1113,512.0,186.36,8,64
1114,1024.0,193.89,8,64
1115,2048.0,198.75,8,64
1116,4096.0,207.67,8,64
1117,8192.0,219.22,8,64
1118,16384.0,242.31,8,64
1119,32768.0,245.1,8,64
1120,65536.0,535.51,8,64
1121,131072.0,630.39,8,64
1122,262144.0,866.77,8,64
1123,524288.0,1342.18,8,64
1124,1048576.0,2127.04,8,64
1125,2097152.0,4151.59,8,64
1126,4194304.0,7616.65,8,64
1127,1.0,177.76,9,64
1128,2.0,183.32,9,64
1129,4.0,175.8,9,64
1130,8.0,176.95,9,64
1131,16.0,178.85,9,64
1132,32.0,178.0,9,64
1133,64.0,202.9,9,64
1134,128.0,201.03,9,64
1135,256.0,198.76,9,64
1136,512.0,203.8,9,64
1137,1024.0,209.28,9,64
1138,2048.0,223.0,9,64
1139,4096.0,223.72,9,64
1140,8192.0,237.31,9,64
1141,16384.0,256.19,9,64
1142,32768.0,283.96,9,64
1143,65536.0,576.18,9,64
1144,131072.0,694.6,9,64
1145,262144.0,903.41,9,64
1146,524288.0,1242.77,9,64
1147,1048576.0,2170.64,9,64
1148,2097152.0,4141.83,9,64
1149,4194304.0,8081.13,9,64
1150,1.0,141.71,10,64
1151,2.0,138.2,10,64
1152,4.0,139.8,10,64
1153,8.0,140.09,10,64
1154,16.0,140.23,10,64
1155,32.0,145.25,10,64
1156,64.0,157.71,10,64
1157,128.0,159.39,10,64
1158,256.0,161.06,10,64
1159,512.0,159.77,10,64
1160,1024.0,161.75,10,64
1161,2048.0,174.54,10,64
1162,4096.0,172.27,10,64
1163,8192.0,174.5,10,64
1164,16384.0,193.11,10,64
1165,32768.0,200.37,10,64
1166,65536.0,467.22,10,64
1167,131072.0,533.46,10,64
1168,262144.0,745.19,10,64
1169,524288.0,1160.07,10,64
1170,1048576.0,1944.31,10,64
1171,2097152.0,3561.44,10,64
1172,4194304.0,6736.03,10,64
1173,1.0,164.19,11,64
1174,2.0,170.58,11,64
1175,4.0,163.13,11,64
1176,8.0,169.68,11,64
1177,16.0,176.28,11,64
1178,32.0,171.35,11,64
1179,64.0,191.77,11,64
1180,128.0,188.55,11,64
1181,256.0,199.76,11,64
1182,512.0,199.68,11,64
1183,1024.0,192.03,11,64
1184,2048.0,199.1,11,64
1185,4096.0,205.84,11,64
1186,8192.0,207.87,11,64
1187,16384.0,213.57,11,64
1188,32768.0,247.58,11,64
1189,65536.0,529.77,11,64
1190,131072.0,664.93,11,64
1191,262144.0,844.87,11,64
1192,524288.0,1262.94,11,64
1193,1048576.0,2137.93,11,64
1194,2097152.0,3922.46,11,64
1195,4194304.0,7656.62,11,64
1196,1.0,162.73,12,64
1197,2.0,164.98,12,64
1198,4.0,163.85,12,64
1199,8.0,168.34,12,64
1200,16.0,165.7,12,64
1201,32.0,168.64,12,64
1202,64.0,181.9,12,64
1203,128.0,175.54,12,64
1204,256.0,176.75,12,64
1205,512.0,177.39,12,64
1206,1024.0,177.32,12,64
1207,2048.0,191.82,12,64
1208,4096.0,192.52,12,64
1209,8192.0,200.5,12,64
1210,16384.0,213.08,12,64
1211,32768.0,265.24,12,64
1212,65536.0,489.86,12,64
1213,131072.0,589.41,12,64
1214,262144.0,811.76,12,64
1215,524288.0,1252.65,12,64
1216,1048576.0,2220.36,12,64
1217,2097152.0,4247.87,12,64
1218,4194304.0,8292.58,12,64
1219,1.0,137.09,13,64
1220,2.0,137.18,13,64
1221,4.0,136.39,13,64
1222,8.0,141.24,13,64
1223,16.0,140.92,13,64
1224,32.0,147.03,13,64
1225,64.0,163.91,13,64
1226,128.0,163.81,13,64
1227,256.0,164.58,13,64
1228,512.0,165.53,13,64
1229,1024.0,172.81,13,64
1230,2048.0,176.65,13,64
1231,4096.0,178.86,13,64
1232,8192.0,183.81,13,64
1233,16384.0,195.99,13,64
1234,32768.0,210.25,13,64
1235,65536.0,462.41,13,64
1236,131072.0,551.87,13,64
1237,262144.0,772.57,13,64
1238,524288.0,1163.01,13,64
1239,1048576.0,1995.15,13,64
1240,2097152.0,3682.06,13,64
1241,4194304.0,7122.68,13,64
1242,1.0,167.43,14,64
1243,2.0,171.32,14,64
1244,4.0,168.15,14,64
1245,8.0,166.95,14,64
1246,16.0,168.4,14,64
1247,32.0,168.91,14,64
1248,64.0,189.21,14,64
1249,128.0,185.96,14,64
1250,256.0,199.1,14,64
1251,512.0,197.53,14,64
1252,1024.0,196.37,14,64
1253,2048.0,199.32,14,64
1254,4096.0,203.68,14,64
1255,8192.0,213.75,14,64
1256,16384.0,217.54,14,64
1257,32768.0,246.76,14,64
1258,65536.0,550.47,14,64
1259,131072.0,645.74,14,64
1260,262144.0,828.0,14,64
1261,524288.0,1248.8,14,64
1262,1048576.0,2181.07,14,64
1263,2097152.0,4203.4,14,64
1264,4194304.0,8136.25,14,64
1265,1.0,143.95,15,64
1266,2.0,147.9,15,64
1267,4.0,148.44,15,64
1268,8.0,145.22,15,64
1269,16.0,148.51,15,64
1270,32.0,143.43,15,64
1271,64.0,167.67,15,64
1272,128.0,169.78,15,64
1273,256.0,170.05,15,64
1274,512.0,173.0,15,64
1275,1024.0,178.55,15,64
1276,2048.0,177.26,15,64
1277,4096.0,180.96,15,64
1278,8192.0,191.88,15,64
1279,16384.0,193.64,15,64
1280,32768.0,215.54,15,64
1281,65536.0,469.37,15,64
1282,131072.0,591.85,15,64
1283,262144.0,749.77,15,64
1284,524288.0,1176.8,15,64
1285,1048576.0,2274.85,15,64
1286,2097152.0,3821.55,15,64
1287,4194304.0,7402.46,15,64
1288,1.0,155.94,16,64
1289,2.0,154.88,16,64
1290,4.0,155.18,16,64
1291,8.0,161.12,16,64
1292,16.0,154.93,16,64
1293,32.0,159.15,16,64
1294,64.0,180.89,16,64
1295,128.0,177.93,16,64
1296,256.0,181.95,16,64
1297,512.0,185.11,16,64
1298,1024.0,179.94,16,64
1299,2048.0,187.21,16,64
1300,4096.0,190.06,16,64
1301,8192.0,196.34,16,64
1302,16384.0,201.01,16,64
1303,32768.0,220.74,16,64
1304,65536.0,535.18,16,64
1305,131072.0,581.26,16,64
1306,262144.0,752.12,16,64
1307,524288.0,1178.52,16,64
1308,1048576.0,2106.29,16,64
1309,2097152.0,3713.16,16,64
1310,4194304.0,7342.88,16,64
1311,1.0,149.15,17,64
1312,2.0,153.28,17,64
1313,4.0,151.79,17,64
1314,8.0,147.75,17,64
1315,16.0,148.44,17,64
1316,32.0,148.52,17,64
1317,64.0,168.82,17,64
1318,128.0,179.64,17,64
1319,256.0,176.19,17,64
1320,512.0,171.17,17,64
1321,1024.0,171.55,17,64
1322,2048.0,183.51,17,64
1323,4096.0,184.67,17,64
1324,8192.0,193.19,17,64
1325,16384.0,198.35,17,64
1326,32768.0,249.28,17,64
1327,65536.0,462.98,17,64
1328,131072.0,565.0,17,64
1329,262144.0,751.48,17,64
1330,524288.0,1152.31,17,64
1331,1048576.0,2040.97,17,64
1332,2097152.0,3855.14,17,64
1333,4194304.0,7325.82,17,64
1334,1.0,184.58,18,64
1335,2.0,191.58,18,64
1336,4.0,183.74,18,64
1337,8.0,194.55,18,64
1338,16.0,186.61,18,64
1339,32.0,183.56,18,64
1340,64.0,210.42,18,64
1341,128.0,213.49,18,64
1342,256.0,223.03,18,64
1343,512.0,213.01,18,64
1344,1024.0,214.02,18,64
1345,2048.0,224.31,18,64
1346,4096.0,225.54,18,64
1347,8192.0,239.12,18,64
1348,16384.0,235.61,18,64
1349,32768.0,254.32,18,64
1350,65536.0,535.7,18,64
1351,131072.0,619.33,18,64
1352,262144.0,849.76,18,64
1353,524288.0,1274.45,18,64
1354,1048576.0,2263.35,18,64
1355,2097152.0,4224.94,18,64
1356,4194304.0,8289.55,18,64
1357,1.0,140.35,19,64
1358,2.0,141.15,19,64
1359,4.0,141.18,19,64
1360,8.0,142.59,19,64
1361,16.0,146.18,19,64
1362,32.0,138.33,19,64
1363,64.0,161.04,19,64
1364,128.0,162.12,19,64
1365,256.0,163.17,19,64
1366,512.0,160.32,19,64
1367,1024.0,162.76,19,64
1368,2048.0,178.34,19,64
1369,4096.0,177.47,19,64
1370,8192.0,196.25,19,64
1371,16384.0,199.16,19,64
1372,32768.0,204.92,19,64
1373,65536.0,493.02,19,64
1374,131072.0,557.35,19,64
1375,262144.0,734.85,19,64
1376,524288.0,1146.62,19,64
1377,1048576.0,2032.33,19,64
1378,2097152.0,3761.42,19,64
1379,4194304.0,7411.98,19,64
1380,1.0,162.97,0,8
1381,2.0,164.74,0,8
1382,4.0,165.65,0,8
1383,8.0,160.86,0,8
1384,16.0,159.71,0,8
1385,32.0,158.48,0,8
1386,64.0,184.36,0,8
1387,128.0,190.89,0,8
1388,256.0,182.57,0,8
1389,512.0,184.48,0,8
1390,1024.0,188.48,0,8
1391,2048.0,194.41,0,8
1392,4096.0,201.17,0,8
1393,8192.0,208.69,0,8
1394,16384.0,205.78,0,8
1395,32768.0,222.73,0,8
1396,65536.0,532.02,0,8
1397,131072.0,585.47,0,8
1398,262144.0,808.18,0,8
1399,524288.0,1234.92,0,8
1400,1048576.0,2123.89,0,8
1401,2097152.0,4127.07,0,8
1402,4194304.0,8059.86,0,8
1403,1.0,155.81,1,8
1404,2.0,160.29,1,8
1405,4.0,158.71,1,8
1406,8.0,160.83,1,8
1407,16.0,155.4,1,8
1408,32.0,159.78,1,8
1409,64.0,176.4,1,8
1410,128.0,181.62,1,8
1411,256.0,180.22,1,8
1412,512.0,184.07,1,8
1413,1024.0,182.36,1,8
1414,2048.0,189.21,1,8
1415,4096.0,198.55,1,8
1416,8192.0,201.0,1,8
1417,16384.0,201.48,1,8
1418,32768.0,267.5,1,8
1419,65536.0,527.39,1,8
1420,131072.0,597.39,1,8
1421,262144.0,764.01,1,8
1422,524288.0,1159.98,1,8
1423,1048576.0,2010.86,1,8
1424,2097152.0,4065.45,1,8
1425,4194304.0,7356.76,1,8
1426,1.0,172.21,2,8
1427,2.0,180.74,2,8
1428,4.0,181.1,2,8
1429,8.0,175.07,2,8
1430,16.0,174.06,2,8
1431,32.0,172.68,2,8
1432,64.0,199.79,2,8
1433,128.0,201.29,2,8
1434,256.0,200.78,2,8
1435,512.0,198.25,2,8
1436,1024.0,201.12,2,8
1437,2048.0,208.94,2,8
1438,4096.0,220.81,2,8
1439,8192.0,215.76,2,8
1440,16384.0,227.67,2,8
1441,32768.0,261.8,2,8
1442,65536.0,547.33,2,8
1443,131072.0,630.88,2,8
1444,262144.0,853.96,2,8
1445,524288.0,1276.14,2,8
1446,1048576.0,2238.83,2,8
1447,2097152.0,4330.12,2,8
1448,4194304.0,8497.46,2,8
1449,1.0,129.98,3,8
1450,2.0,131.53,3,8
1451,4.0,132.98,3,8
1452,8.0,130.26,3,8
1453,16.0,136.31,3,8
1454,32.0,140.59,3,8
1455,64.0,149.18,3,8
1456,128.0,152.0,3,8
1457,256.0,152.22,3,8
1458,512.0,153.98,3,8
1459,1024.0,156.05,3,8
1460,2048.0,166.55,3,8
1461,4096.0,167.07,3,8
1462,8192.0,164.22,3,8
1463,16384.0,175.56,3,8
1464,32768.0,181.5,3,8
1465,65536.0,436.22,3,8
1466,131072.0,515.99,3,8
1467,262144.0,713.0,3,8
1468,524288.0,1114.96,3,8
1469,1048576.0,2256.52,3,8
1470,2097152.0,3735.3,3,8
1471,4194304.0,7276.94,3,8
1472,1.0,159.08,4,8
1473,2.0,158.38,4,8
1474,4.0,164.1,4,8
1475,8.0,162.21,4,8
1476,16.0,163.06,4,8
1477,32.0,161.35,4,8
1478,64.0,183.09,4,8
1479,128.0,182.92,4,8
1480,256.0,190.49,4,8
1481,512.0,189.32,4,8
1482,1024.0,186.31,4,8
1483,2048.0,193.63,4,8
1484,4096.0,196.38,4,8
1485,8192.0,205.84,4,8
1486,16384.0,231.48,4,8
1487,32768.0,256.58,4,8
1488,65536.0,508.37,4,8
1489,131072.0,656.47,4,8
1490,262144.0,832.13,4,8
1491,524288.0,1265.12,4,8
1492,1048576.0,2180.14,4,8
1493,2097152.0,4194.22,4,8
1494,4194304.0,8201.82,4,8
1495,1.0,169.74,5,8
1496,2.0,173.86,5,8
1497,4.0,171.09,5,8
1498,8.0,173.06,5,8
1499,16.0,172.65,5,8
1500,32.0,169.55,5,8
1501,64.0,192.04,5,8
1502,128.0,191.51,5,8
1503,256.0,190.35,5,8
1504,512.0,196.77,5,8
1505,1024.0,193.97,5,8
1506,2048.0,207.17,5,8
1507,4096.0,208.24,5,8
1508,8192.0,211.36,5,8
1509,16384.0,227.7,5,8
1510,32768.0,246.85,5,8
1511,65536.0,536.09,5,8
1512,131072.0,619.48,5,8
1513,262144.0,833.2,5,8
1514,524288.0,1180.44,5,8
1515,1048576.0,2105.99,5,8
1516,2097152.0,3908.51,5,8
1517,4194304.0,7630.36,5,8
1518,1.0,148.82,6,8
1519,2.0,153.34,6,8
1520,4.0,154.62,6,8
1521,8.0,149.97,6,8
1522,16.0,150.11,6,8
1523,32.0,151.82,6,8
1524,64.0,173.35,6,8
1525,128.0,171.06,6,8
1526,256.0,178.84,6,8
1527,512.0,174.08,6,8
1528,1024.0,175.34,6,8
1529,2048.0,187.92,6,8
1530,4096.0,186.15,6,8
1531,8192.0,201.07,6,8
1532,16384.0,195.16,6,8
1533,32768.0,219.41,6,8
1534,65536.0,509.05,6,8
1535,131072.0,552.05,6,8
1536,262144.0,736.88,6,8
1537,524288.0,1157.03,6,8
1538,1048576.0,2040.31,6,8
1539,2097152.0,3792.83,6,8
1540,4194304.0,7323.1,6,8
1541,1.0,169.24,7,8
1542,2.0,171.54,7,8
1543,4.0,172.88,7,8
1544,8.0,169.26,7,8
1545,16.0,168.52,7,8
1546,32.0,173.53,7,8
1547,64.0,192.01,7,8
1548,128.0,197.68,7,8
1549,256.0,198.61,7,8
1550,512.0,196.91,7,8
1551,1024.0,205.45,7,8
1552,2048.0,203.24,7,8
1553,4096.0,218.54,7,8
1554,8192.0,219.54,7,8
1555,16384.0,230.95,7,8
1556,32768.0,250.43,7,8
1557,65536.0,512.88,7,8
1558,131072.0,624.79,7,8
1559,262144.0,794.27,7,8
1560,524288.0,1205.8,7,8
1561,1048576.0,2075.89,7,8
1562,2097152.0,3945.48,7,8
1563,4194304.0,7608.8,7,8
1564,1.0,156.53,8,8
1565,2.0,159.74,8,8
1566,4.0,155.49,8,8
1567,8.0,158.7,8,8
1568,16.0,161.41,8,8
1569,32.0,156.69,8,8
1570,64.0,176.07,8,8
1571,128.0,179.73,8,8
1572,256.0,185.47,8,8
1573,512.0,186.84,8,8
1574,1024.0,183.38,8,8
1575,2048.0,187.86,8,8
1576,4096.0,191.01,8,8
1577,8192.0,198.71,8,8
1578,16384.0,239.35,8,8
1579,32768.0,225.21,8,8
1580,65536.0,509.6,8,8
1581,131072.0,616.34,8,8
1582,262144.0,856.38,8,8
1583,524288.0,1219.96,8,8
1584,1048576.0,2106.18,8,8
1585,2097152.0,4069.68,8,8
1586,4194304.0,8046.17,8,8
1587,1.0,160.26,9,8
1588,2.0,159.0,9,8
1589,4.0,163.09,9,8
1590,8.0,161.97,9,8
1591,16.0,159.39,9,8
1592,32.0,158.01,9,8
1593,64.0,182.77,9,8
1594,128.0,182.72,9,8
1595,256.0,187.73,9,8
1596,512.0,194.26,9,8
1597,1024.0,184.83,9,8
1598,2048.0,195.08,9,8
1599,4096.0,196.84,9,8
1600,8192.0,211.07,9,8
1601,16384.0,203.67,9,8
1602,32768.0,251.12,9,8
1603,65536.0,534.58,9,8
1604,131072.0,610.79,9,8
1605,262144.0,824.82,9,8
1606,524288.0,1218.78,9,8
1607,1048576.0,2146.44,9,8
1608,2097152.0,4169.11,9,8
1609,4194304.0,8152.61,9,8
1610,1.0,159.55,10,8
1611,2.0,158.67,10,8
1612,4.0,159.58,10,8
1613,8.0,160.54,10,8
1614,16.0,158.31,10,8
1615,32.0,166.19,10,8
1616,64.0,179.27,10,8
1617,128.0,179.15,10,8
1618,256.0,183.92,10,8
1619,512.0,182.67,10,8
1620,1024.0,195.24,10,8
1621,2048.0,195.47,10,8
1622,4096.0,196.64,10,8
1623,8192.0,208.31,10,8
1624,16384.0,213.83,10,8
1625,32768.0,222.48,10,8
1626,65536.0,494.57,10,8
1627,131072.0,593.78,10,8
1628,262144.0,806.09,10,8
1629,524288.0,1343.69,10,8
1630,1048576.0,2149.13,10,8
1631,2097152.0,4162.12,10,8
1632,4194304.0,8167.86,10,8
1633,1.0,176.69,11,8
1634,2.0,182.66,11,8
1635,4.0,179.95,11,8
1636,8.0,177.27,11,8
1637,16.0,176.36,11,8
1638,32.0,182.43,11,8
1639,64.0,199.94,11,8
1640,128.0,212.35,11,8
1641,256.0,202.97,11,8
1642,512.0,203.35,11,8
1643,1024.0,204.35,11,8
1644,2048.0,218.05,11,8
1645,4096.0,219.25,11,8
1646,8192.0,219.25,11,8
1647,16384.0,227.57,11,8
1648,32768.0,249.05,11,8
1649,65536.0,524.68,11,8
1650,131072.0,637.12,11,8
1651,262144.0,838.82,11,8
1652,524288.0,1311.78,11,8
1653,1048576.0,2309.02,11,8
1654,2097152.0,4172.52,11,8
1655,4194304.0,8401.29,11,8
1656,1.0,158.52,12,8
1657,2.0,169.05,12,8
1658,4.0,159.35,12,8
1659,8.0,158.57,12,8
1660,16.0,159.34,12,8
1661,32.0,161.69,12,8
1662,64.0,182.47,12,8
1663,128.0,185.65,12,8
1664,256.0,182.21,12,8
1665,512.0,182.67,12,8
1666,1024.0,182.34,12,8
1667,2048.0,196.6,12,8
1668,4096.0,198.29,12,8
1669,8192.0,206.36,12,8
1670,16384.0,208.34,12,8
1671,32768.0,235.05,12,8
1672,65536.0,509.22,12,8
1673,131072.0,580.92,12,8
1674,262144.0,757.81,12,8
1675,524288.0,1146.24,12,8
1676,1048576.0,2080.89,12,8
1677,2097152.0,3879.32,12,8
1678,4194304.0,7378.77,12,8
1679,1.0,125.75,13,8
1680,2.0,123.17,13,8
1681,4.0,123.15,13,8
1682,8.0,123.1,13,8
1683,16.0,124.18,13,8
1684,32.0,121.7,13,8
1685,64.0,143.31,13,8
1686,128.0,150.67,13,8
1687,256.0,147.64,13,8
1688,512.0,145.09,13,8
1689,1024.0,145.63,13,8
1690,2048.0,155.42,13,8
1691,4096.0,157.68,13,8
1692,8192.0,152.58,13,8
1693,16384.0,188.63,13,8
1694,32768.0,193.53,13,8
1695,65536.0,413.87,13,8
1696,131072.0,513.65,13,8
1697,262144.0,704.15,13,8
1698,524288.0,1097.18,13,8
1699,1048576.0,1912.46,13,8
1700,2097152.0,3486.88,13,8
1701,4194304.0,6713.09,13,8
1702,1.0,146.67,14,8
1703,2.0,143.63,14,8
1704,4.0,150.09,14,8
1705,8.0,145.52,14,8
1706,16.0,144.26,14,8
1707,32.0,151.03,14,8
1708,64.0,171.26,14,8
1709,128.0,167.93,14,8
1710,256.0,167.88,14,8
1711,512.0,171.74,14,8
1712,1024.0,170.46,14,8
1713,2048.0,183.92,14,8
1714,4096.0,178.46,14,8
1715,8192.0,190.27,14,8
1716,16384.0,189.27,14,8
1717,32768.0,231.58,14,8
1718,65536.0,475.55,14,8
1719,131072.0,576.51,14,8
1720,262144.0,735.44,14,8
1721,524288.0,1125.58,14,8
1722,1048576.0,2008.15,14,8
1723,2097152.0,3803.53,14,8
1724,4194304.0,7140.23,14,8
1725,1.0,138.01,15,8
1726,2.0,135.06,15,8
1727,4.0,139.05,15,8
1728,8.0,136.62,15,8
1729,16.0,139.79,15,8
1730,32.0,139.62,15,8
1731,64.0,159.28,15,8
1732,128.0,162.83,15,8
1733,256.0,157.73,15,8
1734,512.0,159.3,15,8
1735,1024.0,158.86,15,8
1736,2048.0,172.53,15,8
1737,4096.0,171.81,15,8
1738,8192.0,182.1,15,8
1739,16384.0,187.91,15,8
1740,32768.0,200.01,15,8
1741,65536.0,460.07,15,8
1742,131072.0,561.36,15,8
1743,262144.0,787.9,15,8
1744,524288.0,1212.87,15,8
1745,1048576.0,2175.64,15,8
1746,2097152.0,3785.88,15,8
1747,4194304.0,7350.54,15,8
1748,1.0,153.97,16,8
1749,2.0,146.21,16,8
1750,4.0,146.65,16,8
1751,8.0,150.09,16,8
1752,16.0,150.32,16,8
1753,32.0,147.34,16,8
1754,64.0,173.34,16,8
1755,128.0,172.1,16,8
1756,256.0,170.21,16,8
1757,512.0,174.67,16,8
1758,1024.0,175.09,16,8
1759,2048.0,179.22,16,8
1760,4096.0,186.37,16,8
1761,8192.0,182.65,16,8
1762,16384.0,195.31,16,8
1763,32768.0,206.95,16,8
1764,65536.0,462.89,16,8
1765,131072.0,586.54,16,8
1766,262144.0,749.19,16,8
1767,524288.0,1145.05,16,8
1768,1048576.0,1943.29,16,8
1769,2097152.0,3567.79,16,8
1770,4194304.0,6733.6,16,8
1771,1.0,137.12,17,8
1772,2.0,138.99,17,8
1773,4.0,137.73,17,8
1774,8.0,137.05,17,8
1775,16.0,142.09,17,8
1776,32.0,137.39,17,8
1777,64.0,165.11,17,8
1778,128.0,158.53,17,8
1779,256.0,160.27,17,8
1780,512.0,157.84,17,8
1781,1024.0,163.57,17,8
1782,2048.0,169.46,17,8
1783,4096.0,180.67,17,8
1784,8192.0,168.84,17,8
1785,16384.0,188.8,17,8
1786,32768.0,206.53,17,8
1787,65536.0,458.09,17,8
1788,131072.0,560.6,17,8
1789,262144.0,729.42,17,8
1790,524288.0,1140.12,17,8
1791,1048576.0,1957.85,17,8
1792,2097152.0,3563.03,17,8
1793,4194304.0,6626.82,17,8
1794,1.0,157.62,18,8
1795,2.0,155.19,18,8
1796,4.0,152.48,18,8
1797,8.0,153.33,18,8
1798,16.0,157.12,18,8
1799,32.0,159.64,18,8
1800,64.0,183.16,18,8
1801,128.0,181.6,18,8
1802,256.0,179.09,18,8
1803,512.0,178.74,18,8
1804,1024.0,183.06,18,8
1805,2048.0,199.72,18,8
1806,4096.0,195.43,18,8
1807,8192.0,195.21,18,8
1808,16384.0,201.81,18,8
1809,32768.0,218.9,18,8
1810,65536.0,477.77,18,8
1811,131072.0,579.8,18,8
1812,262144.0,787.88,18,8
1813,524288.0,1256.21,18,8
1814,1048576.0,2156.5,18,8
1815,2097152.0,4069.26,18,8
1816,4194304.0,8050.47,18,8
1817,1.0,198.44,19,8
1818,2.0,198.28,19,8
1819,4.0,200.84,19,8
1820,8.0,200.96,19,8
1821,16.0,200.6,19,8
1822,32.0,199.82,19,8
1823,64.0,221.35,19,8
1824,128.0,230.31,19,8
1825,256.0,223.43,19,8
1826,512.0,226.17,19,8
1827,1024.0,220.75,19,8
1828,2048.0,232.63,19,8
1829,4096.0,245.49,19,8
1830,8192.0,240.02,19,8
1831,16384.0,242.09,19,8
1832,32768.0,322.68,19,8
1833,65536.0,562.51,19,8
1834,131072.0,675.15,19,8
1835,262144.0,858.56,19,8
1836,524288.0,1202.67,19,8
1837,1048576.0,2159.43,19,8
1838,2097152.0,4000.44,19,8
1839,4194304.0,7841.65,19,8
1840,1.0,144.62,0,4
1841,2.0,145.44,0,4
1842,4.0,143.56,0,4
1843,8.0,144.84,0,4
1844,16.0,144.62,0,4
1845,32.0,145.41,0,4
1846,64.0,168.62,0,4
1847,128.0,165.65,0,4
1848,256.0,174.6,0,4
1849,512.0,169.16,0,4
1850,1024.0,169.91,0,4
1851,2048.0,181.57,0,4
1852,4096.0,180.21,0,4
1853,8192.0,198.48,0,4
1854,16384.0,190.99,0,4
1855,32768.0,216.16,0,4
1856,65536.0,473.13,0,4
1857,131072.0,557.59,0,4
1858,262144.0,754.17,0,4
1859,524288.0,1191.86,0,4
1860,1048576.0,2033.22,0,4
1861,2097152.0,3801.46,0,4
1862,4194304.0,7328.36,0,4
1863,1.0,162.58,1,4
1864,2.0,163.32,1,4
1865,4.0,161.26,1,4
1866,8.0,172.62,1,4
1867,16.0,163.25,1,4
1868,32.0,164.89,1,4
1869,64.0,186.68,1,4
1870,128.0,186.66,1,4
1871,256.0,185.5,1,4
1872,512.0,194.98,1,4
1873,1024.0,188.16,1,4
1874,2048.0,199.22,1,4
1875,4096.0,201.06,1,4
1876,8192.0,216.21,1,4
1877,16384.0,266.95,1,4
1878,32768.0,268.88,1,4
1879,65536.0,549.15,1,4
1880,131072.0,645.94,1,4
1881,262144.0,825.34,1,4
1882,524288.0,1296.97,1,4
1883,1048576.0,2126.46,1,4
1884,2097152.0,4207.47,1,4
1885,4194304.0,8137.49,1,4
1886,1.0,161.64,2,4
1887,2.0,161.63,2,4
1888,4.0,159.48,2,4
1889,8.0,166.92,2,4
1890,16.0,157.65,2,4
1891,32.0,160.86,2,4
1892,64.0,184.09,2,4
1893,128.0,181.47,2,4
1894,256.0,187.98,2,4
1895,512.0,185.2,2,4
1896,1024.0,184.42,2,4
1897,2048.0,195.68,2,4
1898,4096.0,193.43,2,4
1899,8192.0,205.02,2,4
1900,16384.0,263.56,2,4
1901,32768.0,246.28,2,4
1902,65536.0,473.39,2,4
1903,131072.0,577.61,2,4
1904,262144.0,768.9,2,4
1905,524288.0,1190.32,2,4
1906,1048576.0,2162.99,2,4
1907,2097152.0,3886.79,2,4
1908,4194304.0,7530.13,2,4
1909,1.0,152.1,3,4
1910,2.0,152.72,3,4
1911,4.0,147.24,3,4
1912,8.0,149.78,3,4
1913,16.0,146.44,3,4
1914,32.0,143.98,3,4
1915,64.0,171.14,3,4
1916,128.0,166.9,3,4
1917,256.0,170.61,3,4
1918,512.0,172.02,3,4
1919,1024.0,173.1,3,4
1920,2048.0,174.54,3,4
1921,4096.0,186.05,3,4
1922,8192.0,177.56,3,4
1923,16384.0,191.2,3,4
1924,32768.0,224.29,3,4
1925,65536.0,479.97,3,4
1926,131072.0,584.49,3,4
1927,262144.0,744.78,3,4
1928,524288.0,1171.92,3,4
1929,1048576.0,2005.36,3,4
1930,2097152.0,3786.58,3,4
1931,4194304.0,7268.51,3,4
1932,1.0,166.35,4,4
1933,2.0,160.07,4,4
1934,4.0,158.3,4,4
1935,8.0,163.02,4,4
1936,16.0,162.63,4,4
1937,32.0,163.62,4,4
1938,64.0,186.22,4,4
1939,128.0,180.97,4,4
1940,256.0,180.87,4,4
1941,512.0,187.82,4,4
1942,1024.0,191.74,4,4
1943,2048.0,192.1,4,4
1944,4096.0,195.58,4,4
1945,8192.0,198.51,4,4
1946,16384.0,210.15,4,4
1947,32768.0,227.77,4,4
1948,65536.0,510.91,4,4
1949,131072.0,621.59,4,4
1950,262144.0,825.5,4,4
1951,524288.0,1235.47,4,4
1952,1048576.0,2158.59,4,4
1953,2097152.0,4120.12,4,4
1954,4194304.0,8165.39,4,4
1955,1.0,163.95,5,4
1956,2.0,162.31,5,4
1957,4.0,162.88,5,4
1958,8.0,165.89,5,4
1959,16.0,161.2,5,4
1960,32.0,160.76,5,4
1961,64.0,188.73,5,4
1962,128.0,187.38,5,4
1963,256.0,191.24,5,4
1964,512.0,189.1,5,4
1965,1024.0,191.04,5,4
1966,2048.0,203.52,5,4
1967,4096.0,204.13,5,4
1968,8192.0,214.51,5,4
1969,16384.0,209.62,5,4
1970,32768.0,245.69,5,4
1971,65536.0,502.81,5,4
1972,131072.0,596.21,5,4
1973,262144.0,778.61,5,4
1974,524288.0,1191.42,5,4
1975,1048576.0,2000.87,5,4
1976,2097152.0,3797.85,5,4
1977,4194304.0,7430.2,5,4
1978,1.0,184.48,6,4
1979,2.0,182.3,6,4
1980,4.0,183.11,6,4
1981,8.0,184.74,6,4
1982,16.0,190.54,6,4
1983,32.0,189.96,6,4
1984,64.0,207.17,6,4
1985,128.0,208.24,6,4
1986,256.0,206.87,6,4
1987,512.0,214.71,6,4
1988,1024.0,211.02,6,4
1989,2048.0,217.14,6,4
1990,4096.0,222.12,6,4
1991,8192.0,233.66,6,4
1992,16384.0,249.61,6,4
1993,32768.0,256.34,6,4
1994,65536.0,530.59,6,4
1995,131072.0,687.7,6,4
1996,262144.0,856.78,6,4
1997,524288.0,1304.94,6,4
1998,1048576.0,2186.85,6,4
1999,2097152.0,4285.36,6,4
2000,4194304.0,8258.48,6,4
2001,1.0,151.33,7,4
2002,2.0,152.39,7,4
2003,4.0,149.49,7,4
2004,8.0,152.83,7,4
2005,16.0,150.78,7,4
2006,32.0,149.43,7,4
2007,64.0,177.83,7,4
2008,128.0,172.51,7,4
2009,256.0,170.76,7,4
2010,512.0,175.14,7,4
2011,1024.0,174.92,7,4
2012,2048.0,183.88,7,4
2013,4096.0,188.49,7,4
2014,8192.0,192.64,7,4
2015,16384.0,194.05,7,4
2016,32768.0,212.92,7,4
2017,65536.0,496.31,7,4
2018,131072.0,552.44,7,4
2019,262144.0,756.1,7,4
2020,524288.0,1183.25,7,4
2021,1048576.0,1967.7,7,4
2022,2097152.0,3610.55,7,4
2023,4194304.0,6699.81,7,4
2024,1.0,148.32,8,4
2025,2.0,153.28,8,4
2026,4.0,151.77,8,4
2027,8.0,151.73,8,4
2028,16.0,151.97,8,4
2029,32.0,148.55,8,4
2030,64.0,170.41,8,4
2031,128.0,172.66,8,4
2032,256.0,176.61,8,4
2033,512.0,181.1,8,4
2034,1024.0,178.22,8,4
2035,2048.0,183.1,8,4
2036,4096.0,188.2,8,4
2037,8192.0,184.31,8,4
2038,16384.0,205.19,8,4
2039,32768.0,212.36,8,4
2040,65536.0,523.83,8,4
2041,131072.0,574.15,8,4
2042,262144.0,795.31,8,4
2043,524288.0,1232.57,8,4
2044,1048576.0,2182.49,8,4
2045,2097152.0,4181.94,8,4
2046,4194304.0,8241.62,8,4
2047,1.0,134.45,9,4
2048,2.0,138.14,9,4
2049,4.0,138.29,9,4
2050,8.0,136.4,9,4
2051,16.0,137.0,9,4
2052,32.0,137.86,9,4
2053,64.0,158.1,9,4
2054,128.0,154.33,9,4
2055,256.0,158.89,9,4
2056,512.0,159.55,9,4
2057,1024.0,163.13,9,4
2058,2048.0,174.88,9,4
2059,4096.0,176.08,9,4
2060,8192.0,172.92,9,4
2061,16384.0,188.92,9,4
2062,32768.0,202.24,9,4
2063,65536.0,470.22,9,4
2064,131072.0,559.99,9,4
2065,262144.0,706.13,9,4
2066,524288.0,1102.48,9,4
2067,1048576.0,1979.07,9,4
2068,2097152.0,3767.94,9,4
2069,4194304.0,7193.9,9,4
2070,1.0,156.3,10,4
2071,2.0,160.37,10,4
2072,4.0,156.15,10,4
2073,8.0,159.22,10,4
2074,16.0,158.91,10,4
2075,32.0,155.83,10,4
2076,64.0,175.24,10,4
2077,128.0,182.29,10,4
2078,256.0,176.15,10,4
2079,512.0,186.08,10,4
2080,1024.0,180.15,10,4
2081,2048.0,187.44,10,4
2082,4096.0,194.33,10,4
2083,8192.0,202.66,10,4
2084,16384.0,199.98,10,4
2085,32768.0,239.61,10,4
2086,65536.0,515.09,10,4
2087,131072.0,571.98,10,4
2088,262144.0,749.33,10,4
2089,524288.0,1142.75,10,4
2090,1048576.0,2021.09,10,4
2091,2097152.0,3765.56,10,4
2092,4194304.0,7104.18,10,4
2093,1.0,172.1,11,4
2094,2.0,166.66,11,4
2095,4.0,168.66,11,4
2096,8.0,170.17,11,4
2097,16.0,166.8,11,4
2098,32.0,172.47,11,4
2099,64.0,190.53,11,4
2100,128.0,192.04,11,4
2101,256.0,194.77,11,4
2102,512.0,191.78,11,4
2103,1024.0,196.34,11,4
2104,2048.0,203.45,11,4
2105,4096.0,206.3,11,4
2106,8192.0,210.4,11,4
2107,16384.0,211.49,11,4
2108,32768.0,233.84,11,4
2109,65536.0,485.29,11,4
2110,131072.0,585.3,11,4
2111,262144.0,776.33,11,4
2112,524288.0,1210.64,11,4
2113,1048576.0,2077.44,11,4
2114,2097152.0,3805.91,11,4
2115,4194304.0,7370.97,11,4
2116,1.0,208.88,12,4
2117,2.0,218.93,12,4
2118,4.0,214.97,12,4
2119,8.0,212.41,12,4
2120,16.0,212.37,12,4
2121,32.0,204.4,12,4
2122,64.0,238.74,12,4
2123,128.0,232.22,12,4
2124,256.0,235.94,12,4
2125,512.0,231.78,12,4
2126,1024.0,244.45,12,4
2127,2048.0,242.49,12,4
2128,4096.0,244.86,12,4
2129,8192.0,260.56,12,4
2130,16384.0,278.93,12,4
2131,32768.0,297.57,12,4
2132,65536.0,668.12,12,4
2133,131072.0,715.71,12,4
2134,262144.0,989.99,12,4
2135,524288.0,1332.13,12,4
2136,1048576.0,2236.74,12,4
2137,2097152.0,4481.48,12,4
2138,4194304.0,8871.69,12,4
2139,1.0,155.92,13,4
2140,2.0,154.16,13,4
2141,4.0,157.13,13,4
2142,8.0,157.92,13,4
2143,16.0,160.84,13,4
2144,32.0,164.01,13,4
2145,64.0,176.7,13,4
2146,128.0,177.1,13,4
2147,256.0,179.95,13,4
2148,512.0,179.76,13,4
2149,1024.0,180.9,13,4
2150,2048.0,196.72,13,4
2151,4096.0,190.69,13,4
2152,8192.0,203.77,13,4
2153,16384.0,209.88,13,4
2154,32768.0,236.79,13,4
2155,65536.0,499.08,13,4
2156,131072.0,607.38,13,4
2157,262144.0,766.49,13,4
2158,524288.0,1120.88,13,4
2159,1048576.0,2059.44,13,4
2160,2097152.0,3716.53,13,4
2161,4194304.0,7213.71,13,4
2162,1.0,159.51,14,4
2163,2.0,163.3,14,4
2164,4.0,160.12,14,4
2165,8.0,159.79,14,4
2166,16.0,159.52,14,4
2167,32.0,158.7,14,4
2168,64.0,177.88,14,4
2169,128.0,185.71,14,4
2170,256.0,179.97,14,4
2171,512.0,187.32,14,4
2172,1024.0,182.31,14,4
2173,2048.0,189.46,14,4
2174,4096.0,202.78,14,4
2175,8192.0,200.76,14,4
2176,16384.0,199.77,14,4
2177,32768.0,254.98,14,4
2178,65536.0,502.43,14,4
2179,131072.0,561.53,14,4
2180,262144.0,770.69,14,4
2181,524288.0,1161.86,14,4
2182,1048576.0,2086.29,14,4
2183,2097152.0,3805.9,14,4
2184,4194304.0,7275.61,14,4
2185,1.0,176.2,15,4
2186,2.0,177.03,15,4
2187,4.0,177.95,15,4
2188,8.0,179.48,15,4
2189,16.0,176.18,15,4
2190,32.0,175.55,15,4
2191,64.0,196.29,15,4
2192,128.0,206.4,15,4
2193,256.0,206.13,15,4
2194,512.0,199.13,15,4
2195,1024.0,200.26,15,4
2196,2048.0,207.24,15,4
2197,4096.0,216.53,15,4
2198,8192.0,218.45,15,4
2199,16384.0,227.45,15,4
2200,32768.0,231.61,15,4
2201,65536.0,499.06,15,4
2202,131072.0,609.44,15,4
2203,262144.0,830.68,15,4
2204,524288.0,1308.87,15,4
2205,1048576.0,2209.21,15,4
2206,2097152.0,4365.12,15,4
2207,4194304.0,8294.19,15,4
2208,1.0,158.09,16,4
2209,2.0,159.5,16,4
2210,4.0,159.85,16,4
2211,8.0,153.07,16,4
2212,16.0,161.95,16,4
2213,32.0,157.31,16,4
2214,64.0,183.17,16,4
2215,128.0,184.33,16,4
2216,256.0,187.28,16,4
2217,512.0,180.35,16,4
2218,1024.0,184.44,16,4
2219,2048.0,194.04,16,4
2220,4096.0,199.01,16,4
2221,8192.0,209.43,16,4
2222,16384.0,212.64,16,4
2223,32768.0,246.25,16,4
2224,65536.0,503.3,16,4
2225,131072.0,599.66,16,4
2226,262144.0,803.73,16,4
2227,524288.0,1162.93,16,4
2228,1048576.0,1969.06,16,4
2229,2097152.0,3727.27,16,4
2230,4194304.0,6915.17,16,4
2231,1.0,165.62,17,4
2232,2.0,166.78,17,4
2233,4.0,164.48,17,4
2234,8.0,172.69,17,4
2235,16.0,168.34,17,4
2236,32.0,164.68,17,4
2237,64.0,185.24,17,4
2238,128.0,187.34,17,4
2239,256.0,191.33,17,4
2240,512.0,194.85,17,4
2241,1024.0,192.79,17,4
2242,2048.0,195.96,17,4
2243,4096.0,198.12,17,4
2244,8192.0,208.65,17,4
2245,16384.0,236.58,17,4
2246,32768.0,238.75,17,4
2247,65536.0,479.24,17,4
2248,131072.0,571.33,17,4
2249,262144.0,765.12,17,4
2250,524288.0,1173.23,17,4
2251,1048576.0,2080.81,17,4
2252,2097152.0,3805.79,17,4
2253,4194304.0,7308.76,17,4
2254,1.0,149.53,18,4
2255,2.0,151.73,18,4
2256,4.0,153.84,18,4
2257,8.0,148.87,18,4
2258,16.0,149.19,18,4
2259,32.0,154.01,18,4
2260,64.0,170.3,18,4
2261,128.0,171.47,18,4
2262,256.0,173.16,18,4
2263,512.0,177.12,18,4
2264,1024.0,176.54,18,4
2265,2048.0,186.67,18,4
2266,4096.0,186.2,18,4
2267,8192.0,187.05,18,4
2268,16384.0,194.94,18,4
2269,32768.0,221.0,18,4
2270,65536.0,531.08,18,4
2271,131072.0,581.82,18,4
2272,262144.0,810.1,18,4
2273,524288.0,1235.18,18,4
2274,1048576.0,2198.29,18,4
2275,2097152.0,4167.65,18,4
2276,4194304.0,8279.3,18,4
2277,1.0,141.96,19,4
2278,2.0,141.61,19,4
2279,4.0,141.2,19,4
2280,8.0,144.22,19,4
2281,16.0,143.57,19,4
2282,32.0,142.65,19,4
2283,64.0,173.94,19,4
2284,128.0,171.14,19,4
2285,256.0,166.66,19,4
2286,512.0,168.93,19,4
2287,1024.0,168.18,19,4
2288,2048.0,180.46,19,4
2289,4096.0,182.91,19,4
2290,8192.0,178.42,19,4
2291,16384.0,190.67,19,4
2292,32768.0,200.26,19,4
2293,65536.0,449.92,19,4
2294,131072.0,537.8,19,4
2295,262144.0,736.03,19,4
2296,524288.0,1125.14,19,4
2297,1048576.0,2019.09,19,4
2298,2097152.0,3796.31,19,4
2299,4194304.0,7196.9,19,4
2300,1.0,148.5,0,16
2301,2.0,143.55,0,16
2302,4.0,148.81,0,16
2303,8.0,143.33,0,16
2304,16.0,150.85,0,16
2305,32.0,143.54,0,16
2306,64.0,168.38,0,16
2307,128.0,169.43,0,16
2308,256.0,167.96,0,16
2309,512.0,166.7,0,16
2310,1024.0,171.8,0,16
2311,2048.0,172.32,0,16
2312,4096.0,180.88,0,16
2313,8192.0,180.55,0,16
2314,16384.0,186.24,0,16
2315,32768.0,216.9,0,16
2316,65536.0,476.74,0,16
2317,131072.0,551.11,0,16
2318,262144.0,724.68,0,16
2319,524288.0,1119.6,0,16
2320,1048576.0,2075.34,0,16
2321,2097152.0,3757.62,0,16
2322,4194304.0,7258.37,0,16
2323,1.0,180.19,1,16
2324,2.0,177.69,1,16
2325,4.0,177.13,1,16
2326,8.0,184.31,1,16
2327,16.0,178.39,1,16
2328,32.0,181.58,1,16
2329,64.0,200.69,1,16
2330,128.0,199.26,1,16
2331,256.0,207.56,1,16
2332,512.0,205.32,1,16
2333,1024.0,208.78,1,16
2334,2048.0,209.88,1,16
2335,4096.0,210.83,1,16
2336,8192.0,217.92,1,16
2337,16384.0,227.53,1,16
2338,32768.0,241.98,1,16
2339,65536.0,545.03,1,16
2340,131072.0,595.15,1,16
2341,262144.0,801.49,1,16
2342,524288.0,1202.06,1,16
2343,1048576.0,2081.58,1,16
2344,2097152.0,3860.79,1,16
2345,4194304.0,7359.16,1,16
2346,1.0,185.71,2,16
2347,2.0,186.39,2,16
2348,4.0,189.68,2,16
2349,8.0,184.83,2,16
2350,16.0,191.54,2,16
2351,32.0,188.53,2,16
2352,64.0,211.6,2,16
2353,128.0,217.65,2,16
2354,256.0,211.65,2,16
2355,512.0,212.11,2,16
2356,1024.0,217.95,2,16
2357,2048.0,219.48,2,16
2358,4096.0,228.22,2,16
2359,8192.0,237.09,2,16
2360,16384.0,235.11,2,16
2361,32768.0,254.15,2,16
2362,65536.0,522.41,2,16
2363,131072.0,608.25,2,16
2364,262144.0,841.96,2,16
2365,524288.0,1209.21,2,16
2366,1048576.0,2138.65,2,16
2367,2097152.0,3935.07,2,16
2368,4194304.0,7469.29,2,16
2369,1.0,135.26,3,16
2370,2.0,135.33,3,16
2371,4.0,136.82,3,16
2372,8.0,132.81,3,16
2373,16.0,138.83,3,16
2374,32.0,137.11,3,16
2375,64.0,155.95,3,16
2376,128.0,159.22,3,16
2377,256.0,157.82,3,16
2378,512.0,158.92,3,16
2379,1024.0,162.11,3,16
2380,2048.0,165.48,3,16
2381,4096.0,166.37,3,16
2382,8192.0,163.92,3,16
2383,16384.0,169.2,3,16
2384,32768.0,207.19,3,16
2385,65536.0,448.88,3,16
2386,131072.0,545.13,3,16
2387,262144.0,767.4,3,16
2388,524288.0,1273.04,3,16
2389,1048576.0,2131.55,3,16
2390,2097152.0,3794.18,3,16
2391,4194304.0,7444.7,3,16
2392,1.0,159.04,4,16
2393,2.0,166.36,4,16
2394,4.0,163.22,4,16
2395,8.0,161.93,4,16
2396,16.0,163.15,4,16
2397,32.0,159.92,4,16
2398,64.0,179.15,4,16
2399,128.0,190.78,4,16
2400,256.0,180.03,4,16
2401,512.0,183.23,4,16
2402,1024.0,182.91,4,16
2403,2048.0,192.56,4,16
2404,4096.0,202.68,4,16
2405,8192.0,207.12,4,16
2406,16384.0,223.87,4,16
2407,32768.0,228.8,4,16
2408,65536.0,496.9,4,16
2409,131072.0,607.75,4,16
2410,262144.0,784.64,4,16
2411,524288.0,1177.94,4,16
2412,1048576.0,2046.57,4,16
2413,2097152.0,3855.65,4,16
2414,4194304.0,7327.98,4,16
2415,1.0,190.31,5,16
2416,2.0,192.0,5,16
2417,4.0,196.88,5,16
2418,8.0,196.87,5,16
2419,16.0,197.39,5,16
2420,32.0,191.92,5,16
2421,64.0,212.93,5,16
2422,128.0,215.68,5,16
2423,256.0,221.05,5,16
2424,512.0,221.61,5,16
2425,1024.0,220.24,5,16
2426,2048.0,227.8,5,16
2427,4096.0,229.82,5,16
2428,8192.0,246.87,5,16
2429,16384.0,254.8,5,16
2430,32768.0,290.74,5,16
2431,65536.0,579.11,5,16
2432,131072.0,672.14,5,16
2433,262144.0,886.13,5,16
2434,524288.0,1299.8,5,16
2435,1048576.0,2295.75,5,16
2436,2097152.0,4497.25,5,16
2437,4194304.0,8671.56,5,16
2438,1.0,224.31,6,16
2439,2.0,219.48,6,16
2440,4.0,225.95,6,16
2441,8.0,220.93,6,16
2442,16.0,224.97,6,16
2443,32.0,220.39,6,16
2444,64.0,245.75,6,16
2445,128.0,242.34,6,16
2446,256.0,249.92,6,16
2447,512.0,251.96,6,16
2448,1024.0,252.21,6,16
2449,2048.0,255.44,6,16
2450,4096.0,263.35,6,16
2451,8192.0,277.82,6,16
2452,16384.0,279.19,6,16
2453,32768.0,342.52,6,16
2454,65536.0,653.53,6,16
2455,131072.0,727.32,6,16
2456,262144.0,937.72,6,16
2457,524288.0,1264.61,6,16
2458,1048576.0,2157.91,6,16
2459,2097152.0,4331.37,6,16
2460,4194304.0,8338.16,6,16
2461,1.0,205.07,7,16
2462,2.0,213.01,7,16
2463,4.0,214.63,7,16
2464,8.0,206.75,7,16
2465,16.0,209.86,7,16
2466,32.0,209.57,7,16
2467,64.0,235.17,7,16
2468,128.0,237.18,7,16
2469,256.0,232.3,7,16
2470,512.0,230.4,7,16
2471,1024.0,245.08,7,16
2472,2048.0,242.15,7,16
2473,4096.0,251.85,7,16
2474,8192.0,257.45,7,16
2475,16384.0,281.25,7,16
2476,32768.0,302.14,7,16
2477,65536.0,625.08,7,16
2478,131072.0,687.51,7,16
2479,262144.0,895.01,7,16
2480,524288.0,1290.59,7,16
2481,1048576.0,2108.3,7,16
2482,2097152.0,3970.36,7,16
2483,4194304.0,8029.31,7,16
2484,1.0,148.95,8,16
2485,2.0,148.1,8,16
2486,4.0,151.74,8,16
2487,8.0,147.97,8,16
2488,16.0,155.37,8,16
2489,32.0,149.37,8,16
2490,64.0,169.46,8,16
2491,128.0,171.46,8,16
2492,256.0,177.5,8,16
2493,512.0,173.52,8,16
2494,1024.0,176.18,8,16
2495,2048.0,181.23,8,16
2496,4096.0,186.27,8,16
2497,8192.0,193.37,8,16
2498,16384.0,195.0,8,16
2499,32768.0,239.3,8,16
2500,65536.0,478.24,8,16
2501,131072.0,545.12,8,16
2502,262144.0,736.91,8,16
2503,524288.0,1179.21,8,16
2504,1048576.0,2051.36,8,16
2505,2097152.0,3687.26,8,16
2506,4194304.0,7240.87,8,16
2507,1.0,145.15,9,16
2508,2.0,146.2,9,16
2509,4.0,147.03,9,16
2510,8.0,146.86,9,16
2511,16.0,148.2,9,16
2512,32.0,144.37,9,16
2513,64.0,167.1,9,16
2514,128.0,168.4,9,16
2515,256.0,174.42,9,16
2516,512.0,173.42,9,16
2517,1024.0,172.13,9,16
2518,2048.0,177.97,9,16
2519,4096.0,180.21,9,16
2520,8192.0,181.89,9,16
2521,16384.0,222.37,9,16
2522,32768.0,217.59,9,16
2523,65536.0,465.65,9,16
2524,131072.0,570.73,9,16
2525,262144.0,795.49,9,16
2526,524288.0,1157.45,9,16
2527,1048576.0,2037.35,9,16
2528,2097152.0,3719.75,9,16
2529,4194304.0,7148.0,9,16
2530,1.0,166.64,10,16
2531,2.0,170.36,10,16
2532,4.0,165.87,10,16
2533,8.0,166.4,10,16
2534,16.0,167.21,10,16
2535,32.0,169.68,10,16
2536,64.0,187.82,10,16
2537,128.0,197.35,10,16
2538,256.0,189.63,10,16
2539,512.0,193.16,10,16
2540,1024.0,207.3,10,16
2541,2048.0,208.6,10,16
2542,4096.0,220.76,10,16
2543,8192.0,223.91,10,16
2544,16384.0,259.15,10,16
2545,32768.0,264.5,10,16
2546,65536.0,547.36,10,16
2547,131072.0,653.45,10,16
2548,262144.0,901.59,10,16
2549,524288.0,1283.63,10,16
2550,1048576.0,2161.09,10,16
2551,2097152.0,4145.36,10,16
2552,4194304.0,8186.96,10,16
2553,1.0,147.01,11,16
2554,2.0,145.95,11,16
2555,4.0,148.82,11,16
2556,8.0,146.5,11,16
2557,16.0,151.51,11,16
2558,32.0,146.07,11,16
2559,64.0,166.66,11,16
2560,128.0,168.29,11,16
2561,256.0,172.49,11,16
2562,512.0,167.08,11,16
2563,1024.0,174.5,11,16
2564,2048.0,179.79,11,16
2565,4096.0,182.21,11,16
2566,8192.0,186.81,11,16
2567,16384.0,192.72,11,16
2568,32768.0,200.06,11,16
2569,65536.0,459.11,11,16
2570,131072.0,555.08,11,16
2571,262144.0,763.59,11,16
2572,524288.0,1206.51,11,16
2573,1048576.0,2070.73,11,16
2574,2097152.0,3753.42,11,16
2575,4194304.0,7281.98,11,16
2576,1.0,153.47,12,16
2577,2.0,155.14,12,16
2578,4.0,159.52,12,16
2579,8.0,153.59,12,16
2580,16.0,159.08,12,16
2581,32.0,155.8,12,16
2582,64.0,176.28,12,16
2583,128.0,177.97,12,16
2584,256.0,177.58,12,16
2585,512.0,175.35,12,16
2586,1024.0,181.79,12,16
2587,2048.0,185.07,12,16
2588,4096.0,187.42,12,16
2589,8192.0,198.7,12,16
2590,16384.0,200.9,12,16
2591,32768.0,215.6,12,16
2592,65536.0,471.56,12,16
2593,131072.0,550.31,12,16
2594,262144.0,758.19,12,16
2595,524288.0,1193.01,12,16
2596,1048576.0,2056.18,12,16
2597,2097152.0,3803.65,12,16
2598,4194304.0,7354.21,12,16
2599,1.0,144.39,13,16
2600,2.0,144.94,13,16
2601,4.0,142.5,13,16
2602,8.0,152.07,13,16
2603,16.0,143.19,13,16
2604,32.0,147.92,13,16
2605,64.0,162.56,13,16
2606,128.0,168.44,13,16
2607,256.0,168.16,13,16
2608,512.0,174.16,13,16
2609,1024.0,172.64,13,16
2610,2048.0,180.73,13,16
2611,4096.0,185.05,13,16
2612,8192.0,193.13,13,16
2613,16384.0,192.26,13,16
2614,32768.0,206.15,13,16
2615,65536.0,460.72,13,16
2616,131072.0,604.01,13,16
2617,262144.0,803.12,13,16
2618,524288.0,1257.36,13,16
2619,1048576.0,2177.59,13,16
2620,2097152.0,4159.65,13,16
2621,4194304.0,8270.64,13,16
2622,1.0,174.64,14,16
2623,2.0,174.24,14,16
2624,4.0,173.59,14,16
2625,8.0,174.45,14,16
2626,16.0,173.21,14,16
2627,32.0,173.59,14,16
2628,64.0,200.23,14,16
2629,128.0,196.78,14,16
2630,256.0,203.42,14,16
2631,512.0,204.28,14,16
2632,1024.0,210.38,14,16
2633,2048.0,216.09,14,16
2634,4096.0,211.11,14,16
2635,8192.0,217.41,14,16
2636,16384.0,220.97,14,16
2637,32768.0,255.43,14,16
2638,65536.0,503.36,14,16
2639,131072.0,609.71,14,16
2640,262144.0,820.86,14,16
2641,524288.0,1181.23,14,16
2642,1048576.0,2123.44,14,16
2643,2097152.0,3882.09,14,16
2644,4194304.0,7527.66,14,16
2645,1.0,164.86,15,16
2646,2.0,164.18,15,16
2647,4.0,166.83,15,16
2648,8.0,174.26,15,16
2649,16.0,166.76,15,16
2650,32.0,169.48,15,16
2651,64.0,185.86,15,16
2652,128.0,183.98,15,16
2653,256.0,191.73,15,16
2654,512.0,191.2,15,16
2655,1024.0,192.26,15,16
2656,2048.0,196.64,15,16
2657,4096.0,199.32,15,16
2658,8192.0,210.25,15,16
2659,16384.0,207.82,15,16
2660,32768.0,242.48,15,16
2661,65536.0,525.34,15,16
2662,131072.0,599.76,15,16
2663,262144.0,769.92,15,16
2664,524288.0,1156.99,15,16
2665,1048576.0,2096.45,15,16
2666,2097152.0,3908.83,15,16
2667,4194304.0,7522.87,15,16
2668,1.0,160.59,16,16
2669,2.0,155.26,16,16
2670,4.0,157.01,16,16
2671,8.0,162.85,16,16
2672,16.0,156.25,16,16
2673,32.0,162.76,16,16
2674,64.0,182.86,16,16
2675,128.0,183.62,16,16
2676,256.0,181.94,16,16
2677,512.0,181.15,16,16
2678,1024.0,184.6,16,16
2679,2048.0,197.02,16,16
2680,4096.0,193.58,16,16
2681,8192.0,196.48,16,16
2682,16384.0,202.26,16,16
2683,32768.0,220.49,16,16
2684,65536.0,470.64,16,16
2685,131072.0,561.84,16,16
2686,262144.0,743.4,16,16
2687,524288.0,1146.85,16,16
2688,1048576.0,2086.24,16,16
2689,2097152.0,3757.04,16,16
2690,4194304.0,7277.94,16,16
2691,1.0,189.17,17,16
2692,2.0,187.35,17,16
2693,4.0,193.08,17,16
2694,8.0,185.35,17,16
2695,16.0,185.98,17,16
2696,32.0,191.29,17,16
2697,64.0,207.84,17,16
2698,128.0,211.08,17,16
2699,256.0,210.45,17,16
2700,512.0,216.99,17,16
2701,1024.0,212.89,17,16
2702,2048.0,223.74,17,16
2703,4096.0,231.45,17,16
2704,8192.0,230.99,17,16
2705,16384.0,238.41,17,16
2706,32768.0,279.43,17,16
2707,65536.0,574.18,17,16
2708,131072.0,637.31,17,16
2709,262144.0,849.7,17,16
2710,524288.0,1211.12,17,16
2711,1048576.0,2103.43,17,16
2712,2097152.0,3959.8,17,16
2713,4194304.0,7686.44,17,16
2714,1.0,169.99,18,16
2715,2.0,165.51,18,16
2716,4.0,164.16,18,16
2717,8.0,163.56,18,16
2718,16.0,163.7,18,16
2719,32.0,164.49,18,16
2720,64.0,185.13,18,16
2721,128.0,187.36,18,16
2722,256.0,185.15,18,16
2723,512.0,185.28,18,16
2724,1024.0,188.52,18,16
2725,2048.0,202.27,18,16
2726,4096.0,200.45,18,16
2727,8192.0,205.69,18,16
2728,16384.0,205.76,18,16
2729,32768.0,245.69,18,16
2730,65536.0,488.29,18,16
2731,131072.0,613.83,18,16
2732,262144.0,823.5,18,16
2733,524288.0,1260.12,18,16
2734,1048576.0,2275.31,18,16
2735,2097152.0,4523.04,18,16
2736,4194304.0,8938.13,18,16
2737,1.0,135.68,19,16
2738,2.0,137.27,19,16
2739,4.0,137.73,19,16
2740,8.0,136.16,19,16
2741,16.0,136.08,19,16
2742,32.0,143.05,19,16
2743,64.0,152.79,19,16
2744,128.0,155.54,19,16
2745,256.0,164.76,19,16
2746,512.0,159.95,19,16
2747,1024.0,162.81,19,16
2748,2048.0,171.31,19,16
2749,4096.0,168.77,19,16
2750,8192.0,171.62,19,16
2751,16384.0,179.8,19,16
2752,32768.0,211.86,19,16
2753,65536.0,459.86,19,16
2754,131072.0,613.77,19,16
2755,262144.0,745.62,19,16
2756,524288.0,1118.05,19,16
2757,1048576.0,2007.2,19,16
2758,2097152.0,3722.53,19,16
2759,4194304.0,7305.47,19,16
