,pagefaults_time,cpu_statistics_time,pagefaults_uid,kernel_statistics_time,threads_percent_system,stack_utilization_pid,kernel_tables_time,cpu_statistics_pid,threads_cpu,kernel_tables_uid,kernel_statistics_kb_ccwr_s,pagefaults_pid,task_switching_time,stack_utilization_stksize,task_switching_pid,pagefaults_minflt_s,task_switching_nvcswch_s,threads_percent_guest,kernel_statistics_pid,policy_pid,pagefaults_vsz,cpu_statistics_percent_cpu,cpu_statistics_percent_system,threads_time,task_switching_uid,policy_time,kernel_statistics_kb_rd_s,stack_utilization_time,kernel_statistics_uid,policy_uid,pagefaults_rss,pagefaults_majflt_s,threads_uid,cpu_statistics_percent_guest,pagefaults_percent_mem,threads_percent_cpu,cpu_statistics_uid,stack_utilization_stkref,kernel_tables_pid,cpu_statistics_cpu,cpu_statistics_percent_usr,kernel_statistics_kb_wr_s,threads_percent_usr,task_switching_cswch_s,stack_utilization_uid,timepoint,rank
0,181809,181809,0,181809,0.0,20,181809,20,1,0,0.0,20,181809,132,20,0.0,0.0,0.0,20,20,8808,0.0,0.0,181809,0,181809,0.02,181809,0,0,3504,0.0,0,0.0,0.02,0.0,0,12,20,1,0.0,0.0,0.0,0.0,0,0.0,0.0
1,181809,181809,0,181809,0.0,20,181809,20,1,0,0.0,20,181809,132,20,0.0,0.0,0.0,20,20,8808,0.0,0.0,181809,0,181809,0.02,181809,0,0,3504,0.0,0,0.0,0.02,0.0,0,12,20,1,0.0,0.0,0.0,0.0,0,0.0,0.0
2,181809,181809,0,181809,0.0,20,181809,20,1,0,0.0,20,181809,132,20,0.0,0.0,0.0,20,20,8808,0.0,0.0,181809,0,181809,0.02,181809,0,0,3504,0.0,0,0.0,0.02,0.0,0,12,20,1,0.0,0.0,0.0,0.0,0,0.0,0.0
3,181809,181809,0,181809,0.0,20,181809,20,1,0,0.0,20,181809,132,20,0.0,0.0,0.0,20,20,8808,0.0,0.0,181809,0,181809,0.02,181809,0,0,3504,0.0,0,0.0,0.02,0.0,0,12,20,1,0.0,0.0,0.0,0.0,0,0.0,0.0
4,181809,181809,0,181809,0.0,20,181809,20,1,0,0.0,20,181809,132,20,0.0,0.0,0.0,20,20,8808,0.0,0.0,181809,0,181809,0.02,181809,0,0,3504,0.0,0,0.0,0.02,0.0,0,12,20,1,0.0,0.0,0.0,0.0,0,0.0,0.0
5,181809,181809,0,181809,0.0,20,181809,20,1,0,0.0,20,181809,132,20,0.0,0.0,0.0,20,20,8808,0.0,0.0,181809,0,181809,0.02,181809,0,0,3504,0.0,0,0.0,0.02,0.0,0,12,20,1,0.0,0.0,0.0,0.0,0,0.0,0.0
6,181809,181809,0,181809,0.0,20,181809,20,1,0,0.0,20,181809,132,20,0.0,0.0,0.0,20,20,8808,0.0,0.0,181809,0,181809,0.02,181809,0,0,3504,0.0,0,0.0,0.02,0.0,0,12,20,1,0.0,0.0,0.0,0.0,0,0.0,0.0
7,181809,181809,0,181809,0.0,20,181809,20,1,0,0.0,20,181809,132,20,0.0,0.0,0.0,20,20,8808,0.0,0.0,181809,0,181809,0.02,181809,0,0,3504,0.0,0,0.0,0.02,0.0,0,12,20,1,0.0,0.0,0.0,0.0,0,0.0,0.0
8,181812,181812,0,181812,0.0,20,181812,20,2,0,0.0,20,181812,132,20,0.0,0.0,0.0,20,20,8808,0.0,0.0,181812,0,181812,0.04,181812,0,0,3536,0.0,0,0.0,0.02,0.0,0,12,20,2,0.0,0.0,0.0,0.0,0,1.0,0.0
9,181812,181812,0,181812,0.0,20,181812,20,2,0,0.0,20,181812,132,20,0.0,0.0,0.0,20,20,8808,0.0,0.0,181812,0,181812,0.04,181812,0,0,3536,0.0,0,0.0,0.02,0.0,0,12,20,2,0.0,0.0,0.0,0.0,0,1.0,0.0
10,181812,181812,0,181812,0.0,20,181812,20,2,0,0.0,20,181812,132,20,0.0,0.0,0.0,20,20,8808,0.0,0.0,181812,0,181812,0.04,181812,0,0,3536,0.0,0,0.0,0.02,0.0,0,12,20,2,0.0,0.0,0.0,0.0,0,1.0,0.0
11,181812,181812,0,181812,0.0,20,181812,20,2,0,0.0,20,181812,132,20,0.0,0.0,0.0,20,20,8808,0.0,0.0,181812,0,181812,0.04,181812,0,0,3536,0.0,0,0.0,0.02,0.0,0,12,20,2,0.0,0.0,0.0,0.0,0,1.0,0.0
12,181812,181812,0,181812,0.0,20,181812,20,2,0,0.0,20,181812,132,20,0.0,0.0,0.0,20,20,8808,0.0,0.0,181812,0,181812,0.04,181812,0,0,3536,0.0,0,0.0,0.02,0.0,0,12,20,2,0.0,0.0,0.0,0.0,0,1.0,0.0
13,181812,181812,0,181812,0.0,20,181812,20,2,0,0.0,20,181812,132,20,0.0,0.0,0.0,20,20,8808,0.0,0.0,181812,0,181812,0.04,181812,0,0,3536,0.0,0,0.0,0.02,0.0,0,12,20,2,0.0,0.0,0.0,0.0,0,1.0,0.0
14,181812,181812,0,181812,0.0,20,181812,20,2,0,0.0,20,181812,132,20,0.0,0.0,0.0,20,20,8808,0.0,0.0,181812,0,181812,0.04,181812,0,0,3536,0.0,0,0.0,0.02,0.0,0,12,20,2,0.0,0.0,0.0,0.0,0,1.0,0.0
15,181812,181812,0,181812,0.0,20,181812,20,2,0,0.0,20,181812,132,20,0.0,0.0,0.0,20,20,8808,0.0,0.0,181812,0,181812,0.04,181812,0,0,3536,0.0,0,0.0,0.02,0.0,0,12,20,2,0.0,0.0,0.0,0.0,0,1.0,0.0
16,181815,181815,0,181815,0.0,20,181815,20,2,0,0.0,20,181815,132,20,0.0,0.0,0.0,20,20,8808,0.0,0.0,181815,0,181815,0.04,181815,0,0,3536,0.0,0,0.0,0.02,0.0,0,12,20,2,0.0,0.0,0.0,0.0,0,2.0,0.0
17,181815,181815,0,181815,0.0,20,181815,20,2,0,0.0,20,181815,132,20,0.0,0.0,0.0,20,20,8808,0.0,0.0,181815,0,181815,0.04,181815,0,0,3536,0.0,0,0.0,0.02,0.0,0,12,20,2,0.0,0.0,0.0,0.0,0,2.0,0.0
18,181815,181815,0,181815,0.0,20,181815,20,2,0,0.0,20,181815,132,20,0.0,0.0,0.0,20,20,8808,0.0,0.0,181815,0,181815,0.04,181815,0,0,3536,0.0,0,0.0,0.02,0.0,0,12,20,2,0.0,0.0,0.0,0.0,0,2.0,0.0
19,181815,181815,0,181815,0.0,20,181815,20,2,0,0.0,20,181815,132,20,0.0,0.0,0.0,20,20,8808,0.0,0.0,181815,0,181815,0.04,181815,0,0,3536,0.0,0,0.0,0.02,0.0,0,12,20,2,0.0,0.0,0.0,0.0,0,2.0,0.0
20,181815,181815,0,181815,0.0,20,181815,20,2,0,0.0,20,181815,132,20,0.0,0.0,0.0,20,20,8808,0.0,0.0,181815,0,181815,0.04,181815,0,0,3536,0.0,0,0.0,0.02,0.0,0,12,20,2,0.0,0.0,0.0,0.0,0,2.0,0.0
21,181815,181815,0,181815,0.0,20,181815,20,2,0,0.0,20,181815,132,20,0.0,0.0,0.0,20,20,8808,0.0,0.0,181815,0,181815,0.04,181815,0,0,3536,0.0,0,0.0,0.02,0.0,0,12,20,2,0.0,0.0,0.0,0.0,0,2.0,0.0
22,181815,181815,0,181815,0.0,20,181815,20,2,0,0.0,20,181815,132,20,0.0,0.0,0.0,20,20,8808,0.0,0.0,181815,0,181815,0.04,181815,0,0,3536,0.0,0,0.0,0.02,0.0,0,12,20,2,0.0,0.0,0.0,0.0,0,2.0,0.0
23,181815,181815,0,181815,0.0,20,181815,20,2,0,0.0,20,181815,132,20,0.0,0.0,0.0,20,20,8808,0.0,0.0,181815,0,181815,0.04,181815,0,0,3536,0.0,0,0.0,0.02,0.0,0,12,20,2,0.0,0.0,0.0,0.0,0,2.0,0.0
24,181818,181817,0,181818,0.0,20,181818,20,2,0,0.0,20,181818,132,20,0.0,0.0,0.0,20,20,8808,0.0,0.0,181818,0,181818,0.04,181818,0,0,3536,0.0,0,0.0,0.02,0.0,0,12,20,2,0.0,0.0,0.0,0.0,0,3.0,0.0
25,181818,181817,0,181818,0.0,20,181818,20,2,0,0.0,20,181818,132,20,0.0,0.0,0.0,20,20,8808,0.0,0.0,181818,0,181818,0.04,181818,0,0,3536,0.0,0,0.0,0.02,0.0,0,12,20,2,0.0,0.0,0.0,0.0,0,3.0,0.0
26,181818,181817,0,181818,0.0,20,181818,20,2,0,0.0,20,181818,132,20,0.0,0.0,0.0,20,20,8808,0.0,0.0,181818,0,181818,0.04,181818,0,0,3536,0.0,0,0.0,0.02,0.0,0,12,20,2,0.0,0.0,0.0,0.0,0,3.0,0.0
27,181818,181817,0,181818,0.0,20,181818,20,2,0,0.0,20,181818,132,20,0.0,0.0,0.0,20,20,8808,0.0,0.0,181818,0,181818,0.04,181818,0,0,3536,0.0,0,0.0,0.02,0.0,0,12,20,2,0.0,0.0,0.0,0.0,0,3.0,0.0
28,181818,181817,0,181818,0.0,20,181818,20,2,0,0.0,20,181818,132,20,0.0,0.0,0.0,20,20,8808,0.0,0.0,181818,0,181818,0.04,181818,0,0,3536,0.0,0,0.0,0.02,0.0,0,12,20,2,0.0,0.0,0.0,0.0,0,3.0,0.0
29,181818,181817,0,181818,0.0,20,181818,20,2,0,0.0,20,181818,132,20,0.0,0.0,0.0,20,20,8808,0.0,0.0,181818,0,181818,0.04,181818,0,0,3536,0.0,0,0.0,0.02,0.0,0,12,20,2,0.0,0.0,0.0,0.0,0,3.0,0.0
30,181818,181817,0,181818,0.0,20,181818,20,2,0,0.0,20,181818,132,20,0.0,0.0,0.0,20,20,8808,0.0,0.0,181818,0,181818,0.04,181818,0,0,3536,0.0,0,0.0,0.02,0.0,0,12,20,2,0.0,0.0,0.0,0.0,0,3.0,0.0
31,181818,181817,0,181818,0.0,20,181818,20,2,0,0.0,20,181818,132,20,0.0,0.0,0.0,20,20,8808,0.0,0.0,181818,0,181818,0.04,181818,0,0,3536,0.0,0,0.0,0.02,0.0,0,12,20,2,0.0,0.0,0.0,0.0,0,3.0,0.0
32,181821,181820,0,181820,0.0,20,181821,20,2,0,0.0,20,181821,132,20,0.0,0.0,0.0,20,20,8808,0.0,0.0,181821,0,181821,0.04,181821,0,0,3536,0.0,0,0.0,0.02,0.0,0,12,20,2,0.0,0.0,0.0,0.0,0,4.0,0.0
33,181821,181820,0,181820,0.0,20,181821,20,2,0,0.0,20,181821,132,20,0.0,0.0,0.0,20,20,8808,0.0,0.0,181821,0,181821,0.04,181821,0,0,3536,0.0,0,0.0,0.02,0.0,0,12,20,2,0.0,0.0,0.0,0.0,0,4.0,0.0
34,181821,181820,0,181820,0.0,20,181821,20,2,0,0.0,20,181821,132,20,0.0,0.0,0.0,20,20,8808,0.0,0.0,181821,0,181821,0.04,181821,0,0,3536,0.0,0,0.0,0.02,0.0,0,12,20,2,0.0,0.0,0.0,0.0,0,4.0,0.0
35,181821,181820,0,181820,0.0,20,181821,20,2,0,0.0,20,181821,132,20,0.0,0.0,0.0,20,20,8808,0.0,0.0,181821,0,181821,0.04,181821,0,0,3536,0.0,0,0.0,0.02,0.0,0,12,20,2,0.0,0.0,0.0,0.0,0,4.0,0.0
36,181821,181820,0,181820,0.0,20,181821,20,2,0,0.0,20,181821,132,20,0.0,0.0,0.0,20,20,8808,0.0,0.0,181821,0,181821,0.04,181821,0,0,3536,0.0,0,0.0,0.02,0.0,0,12,20,2,0.0,0.0,0.0,0.0,0,4.0,0.0
37,181821,181820,0,181820,0.0,20,181821,20,2,0,0.0,20,181821,132,20,0.0,0.0,0.0,20,20,8808,0.0,0.0,181821,0,181821,0.04,181821,0,0,3536,0.0,0,0.0,0.02,0.0,0,12,20,2,0.0,0.0,0.0,0.0,0,4.0,0.0
38,181821,181820,0,181820,0.0,20,181821,20,2,0,0.0,20,181821,132,20,0.0,0.0,0.0,20,20,8808,0.0,0.0,181821,0,181821,0.04,181821,0,0,3536,0.0,0,0.0,0.02,0.0,0,12,20,2,0.0,0.0,0.0,0.0,0,4.0,0.0
39,181821,181820,0,181820,0.0,20,181821,20,2,0,0.0,20,181821,132,20,0.0,0.0,0.0,20,20,8808,0.0,0.0,181821,0,181821,0.04,181821,0,0,3536,0.0,0,0.0,0.02,0.0,0,12,20,2,0.0,0.0,0.0,0.0,0,4.0,0.0
40,181824,181823,0,181823,0.0,20,181824,20,2,0,0.0,20,181824,132,20,0.0,0.0,0.0,20,20,8808,0.0,0.0,181824,0,181823,0.04,181824,0,0,3536,0.0,0,0.0,0.02,0.0,0,12,20,2,0.0,0.0,0.0,0.0,0,5.0,0.0
41,181824,181823,0,181823,0.0,20,181824,20,2,0,0.0,20,181824,132,20,0.0,0.0,0.0,20,20,8808,0.0,0.0,181824,0,181823,0.04,181824,0,0,3536,0.0,0,0.0,0.02,0.0,0,12,20,2,0.0,0.0,0.0,0.0,0,5.0,0.0
42,181824,181823,0,181823,0.0,20,181824,20,2,0,0.0,20,181824,132,20,0.0,0.0,0.0,20,20,8808,0.0,0.0,181824,0,181823,0.04,181824,0,0,3536,0.0,0,0.0,0.02,0.0,0,12,20,2,0.0,0.0,0.0,0.0,0,5.0,0.0
43,181824,181823,0,181823,0.0,20,181824,20,2,0,0.0,20,181824,132,20,0.0,0.0,0.0,20,20,8808,0.0,0.0,181824,0,181823,0.04,181824,0,0,3536,0.0,0,0.0,0.02,0.0,0,12,20,2,0.0,0.0,0.0,0.0,0,5.0,0.0
44,181824,181823,0,181823,0.0,20,181824,20,2,0,0.0,20,181824,132,20,0.0,0.0,0.0,20,20,8808,0.0,0.0,181824,0,181823,0.04,181824,0,0,3536,0.0,0,0.0,0.02,0.0,0,12,20,2,0.0,0.0,0.0,0.0,0,5.0,0.0
45,181824,181823,0,181823,0.0,20,181824,20,2,0,0.0,20,181824,132,20,0.0,0.0,0.0,20,20,8808,0.0,0.0,181824,0,181823,0.04,181824,0,0,3536,0.0,0,0.0,0.02,0.0,0,12,20,2,0.0,0.0,0.0,0.0,0,5.0,0.0
46,181824,181823,0,181823,0.0,20,181824,20,2,0,0.0,20,181824,132,20,0.0,0.0,0.0,20,20,8808,0.0,0.0,181824,0,181823,0.04,181824,0,0,3536,0.0,0,0.0,0.02,0.0,0,12,20,2,0.0,0.0,0.0,0.0,0,5.0,0.0
47,181824,181823,0,181823,0.0,20,181824,20,2,0,0.0,20,181824,132,20,0.0,0.0,0.0,20,20,8808,0.0,0.0,181824,0,181823,0.04,181824,0,0,3536,0.0,0,0.0,0.02,0.0,0,12,20,2,0.0,0.0,0.0,0.0,0,5.0,0.0
48,181826,181826,0,181826,0.0,20,181827,20,2,0,0.0,20,181827,132,20,0.0,0.0,0.0,20,20,8808,0.0,0.0,181827,0,181826,0.04,181827,0,0,3536,0.0,0,0.0,0.02,0.0,0,12,20,2,0.0,0.0,0.0,0.0,0,6.0,0.0
49,181826,181826,0,181826,0.0,20,181827,20,2,0,0.0,20,181827,132,20,0.0,0.0,0.0,20,20,8808,0.0,0.0,181827,0,181826,0.04,181827,0,0,3536,0.0,0,0.0,0.02,0.0,0,12,20,2,0.0,0.0,0.0,0.0,0,6.0,0.0
50,181826,181826,0,181826,0.0,20,181827,20,2,0,0.0,20,181827,132,20,0.0,0.0,0.0,20,20,8808,0.0,0.0,181827,0,181826,0.04,181827,0,0,3536,0.0,0,0.0,0.02,0.0,0,12,20,2,0.0,0.0,0.0,0.0,0,6.0,0.0
51,181826,181826,0,181826,0.0,20,181827,20,2,0,0.0,20,181827,132,20,0.0,0.0,0.0,20,20,8808,0.0,0.0,181827,0,181826,0.04,181827,0,0,3536,0.0,0,0.0,0.02,0.0,0,12,20,2,0.0,0.0,0.0,0.0,0,6.0,0.0
52,181826,181826,0,181826,0.0,20,181827,20,2,0,0.0,20,181827,132,20,0.0,0.0,0.0,20,20,8808,0.0,0.0,181827,0,181826,0.04,181827,0,0,3536,0.0,0,0.0,0.02,0.0,0,12,20,2,0.0,0.0,0.0,0.0,0,6.0,0.0
53,181826,181826,0,181826,0.0,20,181827,20,2,0,0.0,20,181827,132,20,0.0,0.0,0.0,20,20,8808,0.0,0.0,181827,0,181826,0.04,181827,0,0,3536,0.0,0,0.0,0.02,0.0,0,12,20,2,0.0,0.0,0.0,0.0,0,6.0,0.0
54,181826,181826,0,181826,0.0,20,181827,20,2,0,0.0,20,181827,132,20,0.0,0.0,0.0,20,20,8808,0.0,0.0,181827,0,181826,0.04,181827,0,0,3536,0.0,0,0.0,0.02,0.0,0,12,20,2,0.0,0.0,0.0,0.0,0,6.0,0.0
55,181826,181826,0,181826,0.0,20,181827,20,2,0,0.0,20,181827,132,20,0.0,0.0,0.0,20,20,8808,0.0,0.0,181827,0,181826,0.04,181827,0,0,3536,0.0,0,0.0,0.02,0.0,0,12,20,2,0.0,0.0,0.0,0.0,0,6.0,0.0
56,181829,181829,0,181829,0.0,20,181830,20,2,0,0.0,20,181830,132,20,0.0,0.0,0.0,20,20,8808,0.0,0.0,181830,0,181829,0.04,181830,0,0,3536,0.0,0,0.0,0.02,0.0,0,12,20,2,0.0,0.0,0.0,0.0,0,7.0,0.0
57,181829,181829,0,181829,0.0,20,181830,20,2,0,0.0,20,181830,132,20,0.0,0.0,0.0,20,20,8808,0.0,0.0,181830,0,181829,0.04,181830,0,0,3536,0.0,0,0.0,0.02,0.0,0,12,20,2,0.0,0.0,0.0,0.0,0,7.0,0.0
58,181829,181829,0,181829,0.0,20,181830,20,2,0,0.0,20,181830,132,20,0.0,0.0,0.0,20,20,8808,0.0,0.0,181830,0,181829,0.04,181830,0,0,3536,0.0,0,0.0,0.02,0.0,0,12,20,2,0.0,0.0,0.0,0.0,0,7.0,0.0
59,181829,181829,0,181829,0.0,20,181830,20,2,0,0.0,20,181830,132,20,0.0,0.0,0.0,20,20,8808,0.0,0.0,181830,0,181829,0.04,181830,0,0,3536,0.0,0,0.0,0.02,0.0,0,12,20,2,0.0,0.0,0.0,0.0,0,7.0,0.0
60,181829,181829,0,181829,0.0,20,181830,20,2,0,0.0,20,181830,132,20,0.0,0.0,0.0,20,20,8808,0.0,0.0,181830,0,181829,0.04,181830,0,0,3536,0.0,0,0.0,0.02,0.0,0,12,20,2,0.0,0.0,0.0,0.0,0,7.0,0.0
61,181829,181829,0,181829,0.0,20,181830,20,2,0,0.0,20,181830,132,20,0.0,0.0,0.0,20,20,8808,0.0,0.0,181830,0,181829,0.04,181830,0,0,3536,0.0,0,0.0,0.02,0.0,0,12,20,2,0.0,0.0,0.0,0.0,0,7.0,0.0
62,181829,181829,0,181829,0.0,20,181830,20,2,0,0.0,20,181830,132,20,0.0,0.0,0.0,20,20,8808,0.0,0.0,181830,0,181829,0.04,181830,0,0,3536,0.0,0,0.0,0.02,0.0,0,12,20,2,0.0,0.0,0.0,0.0,0,7.0,0.0
63,181829,181829,0,181829,0.0,20,181830,20,2,0,0.0,20,181830,132,20,0.0,0.0,0.0,20,20,8808,0.0,0.0,181830,0,181829,0.04,181830,0,0,3536,0.0,0,0.0,0.02,0.0,0,12,20,2,0.0,0.0,0.0,0.0,0,7.0,0.0
64,181809,181809,0,181809,0.0,19,181810,19,0,0,0.0,19,181810,132,19,0.0,0.0,0.0,19,19,8808,0.0,0.0,181810,0,181809,0.0,181809,0,0,3432,0.0,0,0.0,0.02,0.0,0,12,19,0,0.0,0.0,0.0,0.0,0,0.0,1.0
65,181809,181809,0,181809,0.0,19,181810,19,0,0,0.0,19,181810,132,19,0.0,0.0,0.0,19,19,8808,0.0,0.0,181810,0,181809,0.0,181809,0,0,3432,0.0,0,0.0,0.02,0.0,0,12,19,0,0.0,0.0,0.0,0.0,0,0.0,1.0
66,181809,181809,0,181809,0.0,19,181810,19,0,0,0.0,19,181810,132,19,0.0,0.0,0.0,19,19,8808,0.0,0.0,181810,0,181809,0.0,181809,0,0,3432,0.0,0,0.0,0.02,0.0,0,12,19,0,0.0,0.0,0.0,0.0,0,0.0,1.0
67,181809,181809,0,181809,0.0,19,181810,19,0,0,0.0,19,181810,132,19,0.0,0.0,0.0,19,19,8808,0.0,0.0,181810,0,181809,0.0,181809,0,0,3432,0.0,0,0.0,0.02,0.0,0,12,19,0,0.0,0.0,0.0,0.0,0,0.0,1.0
68,181809,181809,0,181809,0.0,19,181810,19,0,0,0.0,19,181810,132,19,0.0,0.0,0.0,19,19,8808,0.0,0.0,181810,0,181809,0.0,181809,0,0,3432,0.0,0,0.0,0.02,0.0,0,12,19,0,0.0,0.0,0.0,0.0,0,0.0,1.0
69,181809,181809,0,181809,0.0,19,181810,19,0,0,0.0,19,181810,132,19,0.0,0.0,0.0,19,19,8808,0.0,0.0,181810,0,181809,0.0,181809,0,0,3432,0.0,0,0.0,0.02,0.0,0,12,19,0,0.0,0.0,0.0,0.0,0,0.0,1.0
70,181809,181809,0,181809,0.0,19,181810,19,0,0,0.0,19,181810,132,19,0.0,0.0,0.0,19,19,8808,0.0,0.0,181810,0,181809,0.0,181809,0,0,3432,0.0,0,0.0,0.02,0.0,0,12,19,0,0.0,0.0,0.0,0.0,0,0.0,1.0
71,181809,181809,0,181809,0.0,19,181810,19,0,0,0.0,19,181810,132,19,0.0,0.0,0.0,19,19,8808,0.0,0.0,181810,0,181809,0.0,181809,0,0,3432,0.0,0,0.0,0.02,0.0,0,12,19,0,0.0,0.0,0.0,0.0,0,0.0,1.0
72,181812,181812,0,181812,0.0,19,181813,19,5,0,0.0,19,181813,132,19,0.0,0.0,0.0,19,19,8808,0.0,0.0,181813,0,181812,0.0,181812,0,0,3464,0.0,0,0.0,0.02,0.0,0,16,19,5,0.0,0.0,0.0,0.0,0,1.0,1.0
73,181812,181812,0,181812,0.0,19,181813,19,5,0,0.0,19,181813,132,19,0.0,0.0,0.0,19,19,8808,0.0,0.0,181813,0,181812,0.0,181812,0,0,3464,0.0,0,0.0,0.02,0.0,0,16,19,5,0.0,0.0,0.0,0.0,0,1.0,1.0
74,181812,181812,0,181812,0.0,19,181813,19,5,0,0.0,19,181813,132,19,0.0,0.0,0.0,19,19,8808,0.0,0.0,181813,0,181812,0.0,181812,0,0,3464,0.0,0,0.0,0.02,0.0,0,16,19,5,0.0,0.0,0.0,0.0,0,1.0,1.0
75,181812,181812,0,181812,0.0,19,181813,19,5,0,0.0,19,181813,132,19,0.0,0.0,0.0,19,19,8808,0.0,0.0,181813,0,181812,0.0,181812,0,0,3464,0.0,0,0.0,0.02,0.0,0,16,19,5,0.0,0.0,0.0,0.0,0,1.0,1.0
76,181812,181812,0,181812,0.0,19,181813,19,5,0,0.0,19,181813,132,19,0.0,0.0,0.0,19,19,8808,0.0,0.0,181813,0,181812,0.0,181812,0,0,3464,0.0,0,0.0,0.02,0.0,0,16,19,5,0.0,0.0,0.0,0.0,0,1.0,1.0
77,181812,181812,0,181812,0.0,19,181813,19,5,0,0.0,19,181813,132,19,0.0,0.0,0.0,19,19,8808,0.0,0.0,181813,0,181812,0.0,181812,0,0,3464,0.0,0,0.0,0.02,0.0,0,16,19,5,0.0,0.0,0.0,0.0,0,1.0,1.0
78,181812,181812,0,181812,0.0,19,181813,19,5,0,0.0,19,181813,132,19,0.0,0.0,0.0,19,19,8808,0.0,0.0,181813,0,181812,0.0,181812,0,0,3464,0.0,0,0.0,0.02,0.0,0,16,19,5,0.0,0.0,0.0,0.0,0,1.0,1.0
79,181812,181812,0,181812,0.0,19,181813,19,5,0,0.0,19,181813,132,19,0.0,0.0,0.0,19,19,8808,0.0,0.0,181813,0,181812,0.0,181812,0,0,3464,0.0,0,0.0,0.02,0.0,0,16,19,5,0.0,0.0,0.0,0.0,0,1.0,1.0
80,181815,181815,0,181815,0.0,19,181816,19,5,0,0.0,19,181816,132,19,0.0,0.0,0.0,19,19,8808,0.0,0.0,181815,0,181815,0.0,181815,0,0,3464,0.0,0,0.0,0.02,0.0,0,16,19,5,0.0,0.0,0.0,0.0,0,2.0,1.0
81,181815,181815,0,181815,0.0,19,181816,19,5,0,0.0,19,181816,132,19,0.0,0.0,0.0,19,19,8808,0.0,0.0,181815,0,181815,0.0,181815,0,0,3464,0.0,0,0.0,0.02,0.0,0,16,19,5,0.0,0.0,0.0,0.0,0,2.0,1.0
82,181815,181815,0,181815,0.0,19,181816,19,5,0,0.0,19,181816,132,19,0.0,0.0,0.0,19,19,8808,0.0,0.0,181815,0,181815,0.0,181815,0,0,3464,0.0,0,0.0,0.02,0.0,0,16,19,5,0.0,0.0,0.0,0.0,0,2.0,1.0
83,181815,181815,0,181815,0.0,19,181816,19,5,0,0.0,19,181816,132,19,0.0,0.0,0.0,19,19,8808,0.0,0.0,181815,0,181815,0.0,181815,0,0,3464,0.0,0,0.0,0.02,0.0,0,16,19,5,0.0,0.0,0.0,0.0,0,2.0,1.0
84,181815,181815,0,181815,0.0,19,181816,19,5,0,0.0,19,181816,132,19,0.0,0.0,0.0,19,19,8808,0.0,0.0,181815,0,181815,0.0,181815,0,0,3464,0.0,0,0.0,0.02,0.0,0,16,19,5,0.0,0.0,0.0,0.0,0,2.0,1.0
85,181815,181815,0,181815,0.0,19,181816,19,5,0,0.0,19,181816,132,19,0.0,0.0,0.0,19,19,8808,0.0,0.0,181815,0,181815,0.0,181815,0,0,3464,0.0,0,0.0,0.02,0.0,0,16,19,5,0.0,0.0,0.0,0.0,0,2.0,1.0
86,181815,181815,0,181815,0.0,19,181816,19,5,0,0.0,19,181816,132,19,0.0,0.0,0.0,19,19,8808,0.0,0.0,181815,0,181815,0.0,181815,0,0,3464,0.0,0,0.0,0.02,0.0,0,16,19,5,0.0,0.0,0.0,0.0,0,2.0,1.0
87,181815,181815,0,181815,0.0,19,181816,19,5,0,0.0,19,181816,132,19,0.0,0.0,0.0,19,19,8808,0.0,0.0,181815,0,181815,0.0,181815,0,0,3464,0.0,0,0.0,0.02,0.0,0,16,19,5,0.0,0.0,0.0,0.0,0,2.0,1.0
88,181818,181818,0,181818,0.0,19,181818,19,5,0,0.0,19,181818,132,19,0.0,0.0,0.0,19,19,8808,0.0,0.0,181818,0,181818,0.0,181818,0,0,3464,0.0,0,0.0,0.02,0.0,0,16,19,5,0.0,0.0,0.0,0.0,0,3.0,1.0
89,181818,181818,0,181818,0.0,19,181818,19,5,0,0.0,19,181818,132,19,0.0,0.0,0.0,19,19,8808,0.0,0.0,181818,0,181818,0.0,181818,0,0,3464,0.0,0,0.0,0.02,0.0,0,16,19,5,0.0,0.0,0.0,0.0,0,3.0,1.0
90,181818,181818,0,181818,0.0,19,181818,19,5,0,0.0,19,181818,132,19,0.0,0.0,0.0,19,19,8808,0.0,0.0,181818,0,181818,0.0,181818,0,0,3464,0.0,0,0.0,0.02,0.0,0,16,19,5,0.0,0.0,0.0,0.0,0,3.0,1.0
91,181818,181818,0,181818,0.0,19,181818,19,5,0,0.0,19,181818,132,19,0.0,0.0,0.0,19,19,8808,0.0,0.0,181818,0,181818,0.0,181818,0,0,3464,0.0,0,0.0,0.02,0.0,0,16,19,5,0.0,0.0,0.0,0.0,0,3.0,1.0
92,181818,181818,0,181818,0.0,19,181818,19,5,0,0.0,19,181818,132,19,0.0,0.0,0.0,19,19,8808,0.0,0.0,181818,0,181818,0.0,181818,0,0,3464,0.0,0,0.0,0.02,0.0,0,16,19,5,0.0,0.0,0.0,0.0,0,3.0,1.0
93,181818,181818,0,181818,0.0,19,181818,19,5,0,0.0,19,181818,132,19,0.0,0.0,0.0,19,19,8808,0.0,0.0,181818,0,181818,0.0,181818,0,0,3464,0.0,0,0.0,0.02,0.0,0,16,19,5,0.0,0.0,0.0,0.0,0,3.0,1.0
94,181818,181818,0,181818,0.0,19,181818,19,5,0,0.0,19,181818,132,19,0.0,0.0,0.0,19,19,8808,0.0,0.0,181818,0,181818,0.0,181818,0,0,3464,0.0,0,0.0,0.02,0.0,0,16,19,5,0.0,0.0,0.0,0.0,0,3.0,1.0
95,181818,181818,0,181818,0.0,19,181818,19,5,0,0.0,19,181818,132,19,0.0,0.0,0.0,19,19,8808,0.0,0.0,181818,0,181818,0.0,181818,0,0,3464,0.0,0,0.0,0.02,0.0,0,16,19,5,0.0,0.0,0.0,0.0,0,3.0,1.0
96,181821,181821,0,181821,0.0,19,181821,19,5,0,0.0,19,181821,132,19,0.0,0.0,0.0,19,19,8808,0.0,0.0,181821,0,181821,0.0,181821,0,0,3464,0.0,0,0.0,0.02,0.0,0,16,19,5,0.0,0.0,0.0,0.0,0,4.0,1.0
97,181821,181821,0,181821,0.0,19,181821,19,5,0,0.0,19,181821,132,19,0.0,0.0,0.0,19,19,8808,0.0,0.0,181821,0,181821,0.0,181821,0,0,3464,0.0,0,0.0,0.02,0.0,0,16,19,5,0.0,0.0,0.0,0.0,0,4.0,1.0
98,181821,181821,0,181821,0.0,19,181821,19,5,0,0.0,19,181821,132,19,0.0,0.0,0.0,19,19,8808,0.0,0.0,181821,0,181821,0.0,181821,0,0,3464,0.0,0,0.0,0.02,0.0,0,16,19,5,0.0,0.0,0.0,0.0,0,4.0,1.0
99,181821,181821,0,181821,0.0,19,181821,19,5,0,0.0,19,181821,132,19,0.0,0.0,0.0,19,19,8808,0.0,0.0,181821,0,181821,0.0,181821,0,0,3464,0.0,0,0.0,0.02,0.0,0,16,19,5,0.0,0.0,0.0,0.0,0,4.0,1.0
100,181821,181821,0,181821,0.0,19,181821,19,5,0,0.0,19,181821,132,19,0.0,0.0,0.0,19,19,8808,0.0,0.0,181821,0,181821,0.0,181821,0,0,3464,0.0,0,0.0,0.02,0.0,0,16,19,5,0.0,0.0,0.0,0.0,0,4.0,1.0
101,181821,181821,0,181821,0.0,19,181821,19,5,0,0.0,19,181821,132,19,0.0,0.0,0.0,19,19,8808,0.0,0.0,181821,0,181821,0.0,181821,0,0,3464,0.0,0,0.0,0.02,0.0,0,16,19,5,0.0,0.0,0.0,0.0,0,4.0,1.0
102,181821,181821,0,181821,0.0,19,181821,19,5,0,0.0,19,181821,132,19,0.0,0.0,0.0,19,19,8808,0.0,0.0,181821,0,181821,0.0,181821,0,0,3464,0.0,0,0.0,0.02,0.0,0,16,19,5,0.0,0.0,0.0,0.0,0,4.0,1.0
103,181821,181821,0,181821,0.0,19,181821,19,5,0,0.0,19,181821,132,19,0.0,0.0,0.0,19,19,8808,0.0,0.0,181821,0,181821,0.0,181821,0,0,3464,0.0,0,0.0,0.02,0.0,0,16,19,5,0.0,0.0,0.0,0.0,0,4.0,1.0
104,181824,181823,0,181824,0.0,19,181824,19,5,0,0.0,19,181824,132,19,0.0,0.0,0.0,19,19,8808,0.0,0.0,181824,0,181824,0.0,181824,0,0,3464,0.0,0,0.0,0.02,0.0,0,16,19,5,0.0,0.0,0.0,0.0,0,5.0,1.0
105,181824,181823,0,181824,0.0,19,181824,19,5,0,0.0,19,181824,132,19,0.0,0.0,0.0,19,19,8808,0.0,0.0,181824,0,181824,0.0,181824,0,0,3464,0.0,0,0.0,0.02,0.0,0,16,19,5,0.0,0.0,0.0,0.0,0,5.0,1.0
106,181824,181823,0,181824,0.0,19,181824,19,5,0,0.0,19,181824,132,19,0.0,0.0,0.0,19,19,8808,0.0,0.0,181824,0,181824,0.0,181824,0,0,3464,0.0,0,0.0,0.02,0.0,0,16,19,5,0.0,0.0,0.0,0.0,0,5.0,1.0
107,181824,181823,0,181824,0.0,19,181824,19,5,0,0.0,19,181824,132,19,0.0,0.0,0.0,19,19,8808,0.0,0.0,181824,0,181824,0.0,181824,0,0,3464,0.0,0,0.0,0.02,0.0,0,16,19,5,0.0,0.0,0.0,0.0,0,5.0,1.0
108,181824,181823,0,181824,0.0,19,181824,19,5,0,0.0,19,181824,132,19,0.0,0.0,0.0,19,19,8808,0.0,0.0,181824,0,181824,0.0,181824,0,0,3464,0.0,0,0.0,0.02,0.0,0,16,19,5,0.0,0.0,0.0,0.0,0,5.0,1.0
109,181824,181823,0,181824,0.0,19,181824,19,5,0,0.0,19,181824,132,19,0.0,0.0,0.0,19,19,8808,0.0,0.0,181824,0,181824,0.0,181824,0,0,3464,0.0,0,0.0,0.02,0.0,0,16,19,5,0.0,0.0,0.0,0.0,0,5.0,1.0
110,181824,181823,0,181824,0.0,19,181824,19,5,0,0.0,19,181824,132,19,0.0,0.0,0.0,19,19,8808,0.0,0.0,181824,0,181824,0.0,181824,0,0,3464,0.0,0,0.0,0.02,0.0,0,16,19,5,0.0,0.0,0.0,0.0,0,5.0,1.0
111,181824,181823,0,181824,0.0,19,181824,19,5,0,0.0,19,181824,132,19,0.0,0.0,0.0,19,19,8808,0.0,0.0,181824,0,181824,0.0,181824,0,0,3464,0.0,0,0.0,0.02,0.0,0,16,19,5,0.0,0.0,0.0,0.0,0,5.0,1.0
112,181827,181826,0,181826,0.0,19,181827,19,5,0,0.0,19,181827,132,19,0.0,0.0,0.0,19,19,8808,0.0,0.0,181827,0,181827,0.0,181827,0,0,3464,0.0,0,0.0,0.02,0.0,0,16,19,5,0.0,0.0,0.0,0.0,0,6.0,1.0
113,181827,181826,0,181826,0.0,19,181827,19,5,0,0.0,19,181827,132,19,0.0,0.0,0.0,19,19,8808,0.0,0.0,181827,0,181827,0.0,181827,0,0,3464,0.0,0,0.0,0.02,0.0,0,16,19,5,0.0,0.0,0.0,0.0,0,6.0,1.0
114,181827,181826,0,181826,0.0,19,181827,19,5,0,0.0,19,181827,132,19,0.0,0.0,0.0,19,19,8808,0.0,0.0,181827,0,181827,0.0,181827,0,0,3464,0.0,0,0.0,0.02,0.0,0,16,19,5,0.0,0.0,0.0,0.0,0,6.0,1.0
115,181827,181826,0,181826,0.0,19,181827,19,5,0,0.0,19,181827,132,19,0.0,0.0,0.0,19,19,8808,0.0,0.0,181827,0,181827,0.0,181827,0,0,3464,0.0,0,0.0,0.02,0.0,0,16,19,5,0.0,0.0,0.0,0.0,0,6.0,1.0
116,181827,181826,0,181826,0.0,19,181827,19,5,0,0.0,19,181827,132,19,0.0,0.0,0.0,19,19,8808,0.0,0.0,181827,0,181827,0.0,181827,0,0,3464,0.0,0,0.0,0.02,0.0,0,16,19,5,0.0,0.0,0.0,0.0,0,6.0,1.0
117,181827,181826,0,181826,0.0,19,181827,19,5,0,0.0,19,181827,132,19,0.0,0.0,0.0,19,19,8808,0.0,0.0,181827,0,181827,0.0,181827,0,0,3464,0.0,0,0.0,0.02,0.0,0,16,19,5,0.0,0.0,0.0,0.0,0,6.0,1.0
118,181827,181826,0,181826,0.0,19,181827,19,5,0,0.0,19,181827,132,19,0.0,0.0,0.0,19,19,8808,0.0,0.0,181827,0,181827,0.0,181827,0,0,3464,0.0,0,0.0,0.02,0.0,0,16,19,5,0.0,0.0,0.0,0.0,0,6.0,1.0
119,181827,181826,0,181826,0.0,19,181827,19,5,0,0.0,19,181827,132,19,0.0,0.0,0.0,19,19,8808,0.0,0.0,181827,0,181827,0.0,181827,0,0,3464,0.0,0,0.0,0.02,0.0,0,16,19,5,0.0,0.0,0.0,0.0,0,6.0,1.0
120,181830,181829,0,181829,0.0,19,181830,19,5,0,0.0,19,181830,132,19,0.0,0.0,0.0,19,19,8808,0.0,0.0,181830,0,181829,0.0,181830,0,0,3464,0.0,0,0.0,0.02,0.0,0,16,19,5,0.0,0.0,0.0,0.0,0,7.0,1.0
121,181830,181829,0,181829,0.0,19,181830,19,5,0,0.0,19,181830,132,19,0.0,0.0,0.0,19,19,8808,0.0,0.0,181830,0,181829,0.0,181830,0,0,3464,0.0,0,0.0,0.02,0.0,0,16,19,5,0.0,0.0,0.0,0.0,0,7.0,1.0
122,181830,181829,0,181829,0.0,19,181830,19,5,0,0.0,19,181830,132,19,0.0,0.0,0.0,19,19,8808,0.0,0.0,181830,0,181829,0.0,181830,0,0,3464,0.0,0,0.0,0.02,0.0,0,16,19,5,0.0,0.0,0.0,0.0,0,7.0,1.0
123,181830,181829,0,181829,0.0,19,181830,19,5,0,0.0,19,181830,132,19,0.0,0.0,0.0,19,19,8808,0.0,0.0,181830,0,181829,0.0,181830,0,0,3464,0.0,0,0.0,0.02,0.0,0,16,19,5,0.0,0.0,0.0,0.0,0,7.0,1.0
124,181830,181829,0,181829,0.0,19,181830,19,5,0,0.0,19,181830,132,19,0.0,0.0,0.0,19,19,8808,0.0,0.0,181830,0,181829,0.0,181830,0,0,3464,0.0,0,0.0,0.02,0.0,0,16,19,5,0.0,0.0,0.0,0.0,0,7.0,1.0
125,181830,181829,0,181829,0.0,19,181830,19,5,0,0.0,19,181830,132,19,0.0,0.0,0.0,19,19,8808,0.0,0.0,181830,0,181829,0.0,181830,0,0,3464,0.0,0,0.0,0.02,0.0,0,16,19,5,0.0,0.0,0.0,0.0,0,7.0,1.0
126,181830,181829,0,181829,0.0,19,181830,19,5,0,0.0,19,181830,132,19,0.0,0.0,0.0,19,19,8808,0.0,0.0,181830,0,181829,0.0,181830,0,0,3464,0.0,0,0.0,0.02,0.0,0,16,19,5,0.0,0.0,0.0,0.0,0,7.0,1.0
127,181830,181829,0,181829,0.0,19,181830,19,5,0,0.0,19,181830,132,19,0.0,0.0,0.0,19,19,8808,0.0,0.0,181830,0,181829,0.0,181830,0,0,3464,0.0,0,0.0,0.02,0.0,0,16,19,5,0.0,0.0,0.0,0.0,0,7.0,1.0
128,181809,181809,0,181809,0.0,20,181810,20,2,0,0.0,20,181810,132,20,0.0,0.0,0.0,20,20,8808,0.0,0.0,181809,0,181809,0.0,181809,0,0,3452,0.0,0,0.0,0.02,0.0,0,12,20,2,0.0,0.0,0.0,0.0,0,0.0,2.0
129,181809,181809,0,181809,0.0,20,181810,20,2,0,0.0,20,181810,132,20,0.0,0.0,0.0,20,20,8808,0.0,0.0,181809,0,181809,0.0,181809,0,0,3452,0.0,0,0.0,0.02,0.0,0,12,20,2,0.0,0.0,0.0,0.0,0,0.0,2.0
130,181809,181809,0,181809,0.0,20,181810,20,2,0,0.0,20,181810,132,20,0.0,0.0,0.0,20,20,8808,0.0,0.0,181809,0,181809,0.0,181809,0,0,3452,0.0,0,0.0,0.02,0.0,0,12,20,2,0.0,0.0,0.0,0.0,0,0.0,2.0
131,181809,181809,0,181809,0.0,20,181810,20,2,0,0.0,20,181810,132,20,0.0,0.0,0.0,20,20,8808,0.0,0.0,181809,0,181809,0.0,181809,0,0,3452,0.0,0,0.0,0.02,0.0,0,12,20,2,0.0,0.0,0.0,0.0,0,0.0,2.0
132,181809,181809,0,181809,0.0,20,181810,20,2,0,0.0,20,181810,132,20,0.0,0.0,0.0,20,20,8808,0.0,0.0,181809,0,181809,0.0,181809,0,0,3452,0.0,0,0.0,0.02,0.0,0,12,20,2,0.0,0.0,0.0,0.0,0,0.0,2.0
133,181809,181809,0,181809,0.0,20,181810,20,2,0,0.0,20,181810,132,20,0.0,0.0,0.0,20,20,8808,0.0,0.0,181809,0,181809,0.0,181809,0,0,3452,0.0,0,0.0,0.02,0.0,0,12,20,2,0.0,0.0,0.0,0.0,0,0.0,2.0
134,181809,181809,0,181809,0.0,20,181810,20,2,0,0.0,20,181810,132,20,0.0,0.0,0.0,20,20,8808,0.0,0.0,181809,0,181809,0.0,181809,0,0,3452,0.0,0,0.0,0.02,0.0,0,12,20,2,0.0,0.0,0.0,0.0,0,0.0,2.0
135,181809,181809,0,181809,0.0,20,181810,20,2,0,0.0,20,181810,132,20,0.0,0.0,0.0,20,20,8808,0.0,0.0,181809,0,181809,0.0,181809,0,0,3452,0.0,0,0.0,0.02,0.0,0,12,20,2,0.0,0.0,0.0,0.0,0,0.0,2.0
136,181812,181812,0,181812,0.0,20,181813,20,3,0,0.0,20,181813,132,20,0.0,0.0,0.0,20,20,8808,0.0,0.0,181812,0,181812,0.0,181812,0,0,3484,0.0,0,0.0,0.02,0.0,0,16,20,3,0.0,0.0,0.0,0.0,0,1.0,2.0
137,181812,181812,0,181812,0.0,20,181813,20,3,0,0.0,20,181813,132,20,0.0,0.0,0.0,20,20,8808,0.0,0.0,181812,0,181812,0.0,181812,0,0,3484,0.0,0,0.0,0.02,0.0,0,16,20,3,0.0,0.0,0.0,0.0,0,1.0,2.0
138,181812,181812,0,181812,0.0,20,181813,20,3,0,0.0,20,181813,132,20,0.0,0.0,0.0,20,20,8808,0.0,0.0,181812,0,181812,0.0,181812,0,0,3484,0.0,0,0.0,0.02,0.0,0,16,20,3,0.0,0.0,0.0,0.0,0,1.0,2.0
139,181812,181812,0,181812,0.0,20,181813,20,3,0,0.0,20,181813,132,20,0.0,0.0,0.0,20,20,8808,0.0,0.0,181812,0,181812,0.0,181812,0,0,3484,0.0,0,0.0,0.02,0.0,0,16,20,3,0.0,0.0,0.0,0.0,0,1.0,2.0
140,181812,181812,0,181812,0.0,20,181813,20,3,0,0.0,20,181813,132,20,0.0,0.0,0.0,20,20,8808,0.0,0.0,181812,0,181812,0.0,181812,0,0,3484,0.0,0,0.0,0.02,0.0,0,16,20,3,0.0,0.0,0.0,0.0,0,1.0,2.0
141,181812,181812,0,181812,0.0,20,181813,20,3,0,0.0,20,181813,132,20,0.0,0.0,0.0,20,20,8808,0.0,0.0,181812,0,181812,0.0,181812,0,0,3484,0.0,0,0.0,0.02,0.0,0,16,20,3,0.0,0.0,0.0,0.0,0,1.0,2.0
142,181812,181812,0,181812,0.0,20,181813,20,3,0,0.0,20,181813,132,20,0.0,0.0,0.0,20,20,8808,0.0,0.0,181812,0,181812,0.0,181812,0,0,3484,0.0,0,0.0,0.02,0.0,0,16,20,3,0.0,0.0,0.0,0.0,0,1.0,2.0
143,181812,181812,0,181812,0.0,20,181813,20,3,0,0.0,20,181813,132,20,0.0,0.0,0.0,20,20,8808,0.0,0.0,181812,0,181812,0.0,181812,0,0,3484,0.0,0,0.0,0.02,0.0,0,16,20,3,0.0,0.0,0.0,0.0,0,1.0,2.0
144,181815,181815,0,181815,0.0,20,181815,20,3,0,0.0,20,181815,132,20,0.0,0.0,0.0,20,20,8808,0.0,0.0,181815,0,181815,0.0,181815,0,0,3484,0.0,0,0.0,0.02,0.0,0,12,20,3,0.0,0.0,0.0,0.0,0,2.0,2.0
145,181815,181815,0,181815,0.0,20,181815,20,3,0,0.0,20,181815,132,20,0.0,0.0,0.0,20,20,8808,0.0,0.0,181815,0,181815,0.0,181815,0,0,3484,0.0,0,0.0,0.02,0.0,0,12,20,3,0.0,0.0,0.0,0.0,0,2.0,2.0
146,181815,181815,0,181815,0.0,20,181815,20,3,0,0.0,20,181815,132,20,0.0,0.0,0.0,20,20,8808,0.0,0.0,181815,0,181815,0.0,181815,0,0,3484,0.0,0,0.0,0.02,0.0,0,12,20,3,0.0,0.0,0.0,0.0,0,2.0,2.0
147,181815,181815,0,181815,0.0,20,181815,20,3,0,0.0,20,181815,132,20,0.0,0.0,0.0,20,20,8808,0.0,0.0,181815,0,181815,0.0,181815,0,0,3484,0.0,0,0.0,0.02,0.0,0,12,20,3,0.0,0.0,0.0,0.0,0,2.0,2.0
148,181815,181815,0,181815,0.0,20,181815,20,3,0,0.0,20,181815,132,20,0.0,0.0,0.0,20,20,8808,0.0,0.0,181815,0,181815,0.0,181815,0,0,3484,0.0,0,0.0,0.02,0.0,0,12,20,3,0.0,0.0,0.0,0.0,0,2.0,2.0
149,181815,181815,0,181815,0.0,20,181815,20,3,0,0.0,20,181815,132,20,0.0,0.0,0.0,20,20,8808,0.0,0.0,181815,0,181815,0.0,181815,0,0,3484,0.0,0,0.0,0.02,0.0,0,12,20,3,0.0,0.0,0.0,0.0,0,2.0,2.0
150,181815,181815,0,181815,0.0,20,181815,20,3,0,0.0,20,181815,132,20,0.0,0.0,0.0,20,20,8808,0.0,0.0,181815,0,181815,0.0,181815,0,0,3484,0.0,0,0.0,0.02,0.0,0,12,20,3,0.0,0.0,0.0,0.0,0,2.0,2.0
151,181815,181815,0,181815,0.0,20,181815,20,3,0,0.0,20,181815,132,20,0.0,0.0,0.0,20,20,8808,0.0,0.0,181815,0,181815,0.0,181815,0,0,3484,0.0,0,0.0,0.02,0.0,0,12,20,3,0.0,0.0,0.0,0.0,0,2.0,2.0
152,181818,181818,0,181818,0.0,20,181818,20,3,0,0.0,20,181818,132,20,0.0,0.0,0.0,20,20,8808,0.0,0.0,181818,0,181818,0.0,181818,0,0,3484,0.0,0,0.0,0.02,0.0,0,12,20,3,0.0,0.0,0.0,0.0,0,3.0,2.0
153,181818,181818,0,181818,0.0,20,181818,20,3,0,0.0,20,181818,132,20,0.0,0.0,0.0,20,20,8808,0.0,0.0,181818,0,181818,0.0,181818,0,0,3484,0.0,0,0.0,0.02,0.0,0,12,20,3,0.0,0.0,0.0,0.0,0,3.0,2.0
154,181818,181818,0,181818,0.0,20,181818,20,3,0,0.0,20,181818,132,20,0.0,0.0,0.0,20,20,8808,0.0,0.0,181818,0,181818,0.0,181818,0,0,3484,0.0,0,0.0,0.02,0.0,0,12,20,3,0.0,0.0,0.0,0.0,0,3.0,2.0
155,181818,181818,0,181818,0.0,20,181818,20,3,0,0.0,20,181818,132,20,0.0,0.0,0.0,20,20,8808,0.0,0.0,181818,0,181818,0.0,181818,0,0,3484,0.0,0,0.0,0.02,0.0,0,12,20,3,0.0,0.0,0.0,0.0,0,3.0,2.0
156,181818,181818,0,181818,0.0,20,181818,20,3,0,0.0,20,181818,132,20,0.0,0.0,0.0,20,20,8808,0.0,0.0,181818,0,181818,0.0,181818,0,0,3484,0.0,0,0.0,0.02,0.0,0,12,20,3,0.0,0.0,0.0,0.0,0,3.0,2.0
157,181818,181818,0,181818,0.0,20,181818,20,3,0,0.0,20,181818,132,20,0.0,0.0,0.0,20,20,8808,0.0,0.0,181818,0,181818,0.0,181818,0,0,3484,0.0,0,0.0,0.02,0.0,0,12,20,3,0.0,0.0,0.0,0.0,0,3.0,2.0
158,181818,181818,0,181818,0.0,20,181818,20,3,0,0.0,20,181818,132,20,0.0,0.0,0.0,20,20,8808,0.0,0.0,181818,0,181818,0.0,181818,0,0,3484,0.0,0,0.0,0.02,0.0,0,12,20,3,0.0,0.0,0.0,0.0,0,3.0,2.0
159,181818,181818,0,181818,0.0,20,181818,20,3,0,0.0,20,181818,132,20,0.0,0.0,0.0,20,20,8808,0.0,0.0,181818,0,181818,0.0,181818,0,0,3484,0.0,0,0.0,0.02,0.0,0,12,20,3,0.0,0.0,0.0,0.0,0,3.0,2.0
160,181821,181821,0,181821,0.0,20,181821,20,3,0,0.0,20,181821,132,20,0.0,0.0,0.0,20,20,8808,0.0,0.0,181821,0,181821,0.0,181821,0,0,3484,0.0,0,0.0,0.02,0.0,0,12,20,3,0.0,0.0,0.0,0.0,0,4.0,2.0
161,181821,181821,0,181821,0.0,20,181821,20,3,0,0.0,20,181821,132,20,0.0,0.0,0.0,20,20,8808,0.0,0.0,181821,0,181821,0.0,181821,0,0,3484,0.0,0,0.0,0.02,0.0,0,12,20,3,0.0,0.0,0.0,0.0,0,4.0,2.0
162,181821,181821,0,181821,0.0,20,181821,20,3,0,0.0,20,181821,132,20,0.0,0.0,0.0,20,20,8808,0.0,0.0,181821,0,181821,0.0,181821,0,0,3484,0.0,0,0.0,0.02,0.0,0,12,20,3,0.0,0.0,0.0,0.0,0,4.0,2.0
163,181821,181821,0,181821,0.0,20,181821,20,3,0,0.0,20,181821,132,20,0.0,0.0,0.0,20,20,8808,0.0,0.0,181821,0,181821,0.0,181821,0,0,3484,0.0,0,0.0,0.02,0.0,0,12,20,3,0.0,0.0,0.0,0.0,0,4.0,2.0
164,181821,181821,0,181821,0.0,20,181821,20,3,0,0.0,20,181821,132,20,0.0,0.0,0.0,20,20,8808,0.0,0.0,181821,0,181821,0.0,181821,0,0,3484,0.0,0,0.0,0.02,0.0,0,12,20,3,0.0,0.0,0.0,0.0,0,4.0,2.0
165,181821,181821,0,181821,0.0,20,181821,20,3,0,0.0,20,181821,132,20,0.0,0.0,0.0,20,20,8808,0.0,0.0,181821,0,181821,0.0,181821,0,0,3484,0.0,0,0.0,0.02,0.0,0,12,20,3,0.0,0.0,0.0,0.0,0,4.0,2.0
166,181821,181821,0,181821,0.0,20,181821,20,3,0,0.0,20,181821,132,20,0.0,0.0,0.0,20,20,8808,0.0,0.0,181821,0,181821,0.0,181821,0,0,3484,0.0,0,0.0,0.02,0.0,0,12,20,3,0.0,0.0,0.0,0.0,0,4.0,2.0
167,181821,181821,0,181821,0.0,20,181821,20,3,0,0.0,20,181821,132,20,0.0,0.0,0.0,20,20,8808,0.0,0.0,181821,0,181821,0.0,181821,0,0,3484,0.0,0,0.0,0.02,0.0,0,12,20,3,0.0,0.0,0.0,0.0,0,4.0,2.0
168,181824,181823,0,181823,0.0,20,181824,20,3,0,0.0,20,181824,132,20,0.0,0.0,0.0,20,20,8808,0.0,0.0,181824,0,181824,0.0,181824,0,0,3484,0.0,0,0.0,0.02,0.0,0,12,20,3,0.0,0.0,0.0,0.0,0,5.0,2.0
169,181824,181823,0,181823,0.0,20,181824,20,3,0,0.0,20,181824,132,20,0.0,0.0,0.0,20,20,8808,0.0,0.0,181824,0,181824,0.0,181824,0,0,3484,0.0,0,0.0,0.02,0.0,0,12,20,3,0.0,0.0,0.0,0.0,0,5.0,2.0
170,181824,181823,0,181823,0.0,20,181824,20,3,0,0.0,20,181824,132,20,0.0,0.0,0.0,20,20,8808,0.0,0.0,181824,0,181824,0.0,181824,0,0,3484,0.0,0,0.0,0.02,0.0,0,12,20,3,0.0,0.0,0.0,0.0,0,5.0,2.0
171,181824,181823,0,181823,0.0,20,181824,20,3,0,0.0,20,181824,132,20,0.0,0.0,0.0,20,20,8808,0.0,0.0,181824,0,181824,0.0,181824,0,0,3484,0.0,0,0.0,0.02,0.0,0,12,20,3,0.0,0.0,0.0,0.0,0,5.0,2.0
172,181824,181823,0,181823,0.0,20,181824,20,3,0,0.0,20,181824,132,20,0.0,0.0,0.0,20,20,8808,0.0,0.0,181824,0,181824,0.0,181824,0,0,3484,0.0,0,0.0,0.02,0.0,0,12,20,3,0.0,0.0,0.0,0.0,0,5.0,2.0
173,181824,181823,0,181823,0.0,20,181824,20,3,0,0.0,20,181824,132,20,0.0,0.0,0.0,20,20,8808,0.0,0.0,181824,0,181824,0.0,181824,0,0,3484,0.0,0,0.0,0.02,0.0,0,12,20,3,0.0,0.0,0.0,0.0,0,5.0,2.0
174,181824,181823,0,181823,0.0,20,181824,20,3,0,0.0,20,181824,132,20,0.0,0.0,0.0,20,20,8808,0.0,0.0,181824,0,181824,0.0,181824,0,0,3484,0.0,0,0.0,0.02,0.0,0,12,20,3,0.0,0.0,0.0,0.0,0,5.0,2.0
175,181824,181823,0,181823,0.0,20,181824,20,3,0,0.0,20,181824,132,20,0.0,0.0,0.0,20,20,8808,0.0,0.0,181824,0,181824,0.0,181824,0,0,3484,0.0,0,0.0,0.02,0.0,0,12,20,3,0.0,0.0,0.0,0.0,0,5.0,2.0
176,181827,181826,0,181826,0.0,20,181827,20,3,0,0.0,20,181827,132,20,0.0,0.0,0.0,20,20,8808,0.0,0.0,181827,0,181826,0.0,181827,0,0,3484,0.0,0,0.0,0.02,0.0,0,12,20,3,0.0,0.0,0.0,0.0,0,6.0,2.0
177,181827,181826,0,181826,0.0,20,181827,20,3,0,0.0,20,181827,132,20,0.0,0.0,0.0,20,20,8808,0.0,0.0,181827,0,181826,0.0,181827,0,0,3484,0.0,0,0.0,0.02,0.0,0,12,20,3,0.0,0.0,0.0,0.0,0,6.0,2.0
178,181827,181826,0,181826,0.0,20,181827,20,3,0,0.0,20,181827,132,20,0.0,0.0,0.0,20,20,8808,0.0,0.0,181827,0,181826,0.0,181827,0,0,3484,0.0,0,0.0,0.02,0.0,0,12,20,3,0.0,0.0,0.0,0.0,0,6.0,2.0
179,181827,181826,0,181826,0.0,20,181827,20,3,0,0.0,20,181827,132,20,0.0,0.0,0.0,20,20,8808,0.0,0.0,181827,0,181826,0.0,181827,0,0,3484,0.0,0,0.0,0.02,0.0,0,12,20,3,0.0,0.0,0.0,0.0,0,6.0,2.0
180,181827,181826,0,181826,0.0,20,181827,20,3,0,0.0,20,181827,132,20,0.0,0.0,0.0,20,20,8808,0.0,0.0,181827,0,181826,0.0,181827,0,0,3484,0.0,0,0.0,0.02,0.0,0,12,20,3,0.0,0.0,0.0,0.0,0,6.0,2.0
181,181827,181826,0,181826,0.0,20,181827,20,3,0,0.0,20,181827,132,20,0.0,0.0,0.0,20,20,8808,0.0,0.0,181827,0,181826,0.0,181827,0,0,3484,0.0,0,0.0,0.02,0.0,0,12,20,3,0.0,0.0,0.0,0.0,0,6.0,2.0
182,181827,181826,0,181826,0.0,20,181827,20,3,0,0.0,20,181827,132,20,0.0,0.0,0.0,20,20,8808,0.0,0.0,181827,0,181826,0.0,181827,0,0,3484,0.0,0,0.0,0.02,0.0,0,12,20,3,0.0,0.0,0.0,0.0,0,6.0,2.0
183,181827,181826,0,181826,0.0,20,181827,20,3,0,0.0,20,181827,132,20,0.0,0.0,0.0,20,20,8808,0.0,0.0,181827,0,181826,0.0,181827,0,0,3484,0.0,0,0.0,0.02,0.0,0,12,20,3,0.0,0.0,0.0,0.0,0,6.0,2.0
184,181829,181829,0,181829,0.0,20,181830,20,3,0,0.0,20,181830,132,20,0.0,0.0,0.0,20,20,8808,0.0,0.0,181830,0,181829,0.0,181830,0,0,3484,0.0,0,0.0,0.02,0.0,0,12,20,3,0.0,0.0,0.0,0.0,0,7.0,2.0
185,181829,181829,0,181829,0.0,20,181830,20,3,0,0.0,20,181830,132,20,0.0,0.0,0.0,20,20,8808,0.0,0.0,181830,0,181829,0.0,181830,0,0,3484,0.0,0,0.0,0.02,0.0,0,12,20,3,0.0,0.0,0.0,0.0,0,7.0,2.0
186,181829,181829,0,181829,0.0,20,181830,20,3,0,0.0,20,181830,132,20,0.0,0.0,0.0,20,20,8808,0.0,0.0,181830,0,181829,0.0,181830,0,0,3484,0.0,0,0.0,0.02,0.0,0,12,20,3,0.0,0.0,0.0,0.0,0,7.0,2.0
187,181829,181829,0,181829,0.0,20,181830,20,3,0,0.0,20,181830,132,20,0.0,0.0,0.0,20,20,8808,0.0,0.0,181830,0,181829,0.0,181830,0,0,3484,0.0,0,0.0,0.02,0.0,0,12,20,3,0.0,0.0,0.0,0.0,0,7.0,2.0
188,181829,181829,0,181829,0.0,20,181830,20,3,0,0.0,20,181830,132,20,0.0,0.0,0.0,20,20,8808,0.0,0.0,181830,0,181829,0.0,181830,0,0,3484,0.0,0,0.0,0.02,0.0,0,12,20,3,0.0,0.0,0.0,0.0,0,7.0,2.0
189,181829,181829,0,181829,0.0,20,181830,20,3,0,0.0,20,181830,132,20,0.0,0.0,0.0,20,20,8808,0.0,0.0,181830,0,181829,0.0,181830,0,0,3484,0.0,0,0.0,0.02,0.0,0,12,20,3,0.0,0.0,0.0,0.0,0,7.0,2.0
190,181829,181829,0,181829,0.0,20,181830,20,3,0,0.0,20,181830,132,20,0.0,0.0,0.0,20,20,8808,0.0,0.0,181830,0,181829,0.0,181830,0,0,3484,0.0,0,0.0,0.02,0.0,0,12,20,3,0.0,0.0,0.0,0.0,0,7.0,2.0
191,181829,181829,0,181829,0.0,20,181830,20,3,0,0.0,20,181830,132,20,0.0,0.0,0.0,20,20,8808,0.0,0.0,181830,0,181829,0.0,181830,0,0,3484,0.0,0,0.0,0.02,0.0,0,12,20,3,0.0,0.0,0.0,0.0,0,7.0,2.0
192,181809,181808,0,181809,0.0,20,181809,20,1,0,0.0,20,181809,132,20,0.0,0.0,0.0,20,20,8808,0.0,0.0,181809,0,181809,0.0,181809,0,0,3388,0.0,0,0.0,0.02,0.0,0,12,20,1,0.0,0.0,0.0,0.0,0,0.0,3.0
193,181809,181808,0,181809,0.0,20,181809,20,1,0,0.0,20,181809,132,20,0.0,0.0,0.0,20,20,8808,0.0,0.0,181809,0,181809,0.0,181809,0,0,3388,0.0,0,0.0,0.02,0.0,0,12,20,1,0.0,0.0,0.0,0.0,0,0.0,3.0
194,181809,181808,0,181809,0.0,20,181809,20,1,0,0.0,20,181809,132,20,0.0,0.0,0.0,20,20,8808,0.0,0.0,181809,0,181809,0.0,181809,0,0,3388,0.0,0,0.0,0.02,0.0,0,12,20,1,0.0,0.0,0.0,0.0,0,0.0,3.0
195,181809,181808,0,181809,0.0,20,181809,20,1,0,0.0,20,181809,132,20,0.0,0.0,0.0,20,20,8808,0.0,0.0,181809,0,181809,0.0,181809,0,0,3388,0.0,0,0.0,0.02,0.0,0,12,20,1,0.0,0.0,0.0,0.0,0,0.0,3.0
196,181809,181808,0,181809,0.0,20,181809,20,1,0,0.0,20,181809,132,20,0.0,0.0,0.0,20,20,8808,0.0,0.0,181809,0,181809,0.0,181809,0,0,3388,0.0,0,0.0,0.02,0.0,0,12,20,1,0.0,0.0,0.0,0.0,0,0.0,3.0
197,181809,181808,0,181809,0.0,20,181809,20,1,0,0.0,20,181809,132,20,0.0,0.0,0.0,20,20,8808,0.0,0.0,181809,0,181809,0.0,181809,0,0,3388,0.0,0,0.0,0.02,0.0,0,12,20,1,0.0,0.0,0.0,0.0,0,0.0,3.0
198,181809,181808,0,181809,0.0,20,181809,20,1,0,0.0,20,181809,132,20,0.0,0.0,0.0,20,20,8808,0.0,0.0,181809,0,181809,0.0,181809,0,0,3388,0.0,0,0.0,0.02,0.0,0,12,20,1,0.0,0.0,0.0,0.0,0,0.0,3.0
199,181809,181808,0,181809,0.0,20,181809,20,1,0,0.0,20,181809,132,20,0.0,0.0,0.0,20,20,8808,0.0,0.0,181809,0,181809,0.0,181809,0,0,3388,0.0,0,0.0,0.02,0.0,0,12,20,1,0.0,0.0,0.0,0.0,0,0.0,3.0
200,181812,181811,0,181812,0.0,20,181812,20,4,0,0.0,20,181812,132,20,0.0,0.0,0.0,20,20,8808,0.0,0.0,181812,0,181812,0.0,181812,0,0,3416,0.0,0,0.0,0.02,0.0,0,12,20,4,0.0,0.0,0.0,0.0,0,1.0,3.0
201,181812,181811,0,181812,0.0,20,181812,20,4,0,0.0,20,181812,132,20,0.0,0.0,0.0,20,20,8808,0.0,0.0,181812,0,181812,0.0,181812,0,0,3416,0.0,0,0.0,0.02,0.0,0,12,20,4,0.0,0.0,0.0,0.0,0,1.0,3.0
202,181812,181811,0,181812,0.0,20,181812,20,4,0,0.0,20,181812,132,20,0.0,0.0,0.0,20,20,8808,0.0,0.0,181812,0,181812,0.0,181812,0,0,3416,0.0,0,0.0,0.02,0.0,0,12,20,4,0.0,0.0,0.0,0.0,0,1.0,3.0
203,181812,181811,0,181812,0.0,20,181812,20,4,0,0.0,20,181812,132,20,0.0,0.0,0.0,20,20,8808,0.0,0.0,181812,0,181812,0.0,181812,0,0,3416,0.0,0,0.0,0.02,0.0,0,12,20,4,0.0,0.0,0.0,0.0,0,1.0,3.0
204,181812,181811,0,181812,0.0,20,181812,20,4,0,0.0,20,181812,132,20,0.0,0.0,0.0,20,20,8808,0.0,0.0,181812,0,181812,0.0,181812,0,0,3416,0.0,0,0.0,0.02,0.0,0,12,20,4,0.0,0.0,0.0,0.0,0,1.0,3.0
205,181812,181811,0,181812,0.0,20,181812,20,4,0,0.0,20,181812,132,20,0.0,0.0,0.0,20,20,8808,0.0,0.0,181812,0,181812,0.0,181812,0,0,3416,0.0,0,0.0,0.02,0.0,0,12,20,4,0.0,0.0,0.0,0.0,0,1.0,3.0
206,181812,181811,0,181812,0.0,20,181812,20,4,0,0.0,20,181812,132,20,0.0,0.0,0.0,20,20,8808,0.0,0.0,181812,0,181812,0.0,181812,0,0,3416,0.0,0,0.0,0.02,0.0,0,12,20,4,0.0,0.0,0.0,0.0,0,1.0,3.0
207,181812,181811,0,181812,0.0,20,181812,20,4,0,0.0,20,181812,132,20,0.0,0.0,0.0,20,20,8808,0.0,0.0,181812,0,181812,0.0,181812,0,0,3416,0.0,0,0.0,0.02,0.0,0,12,20,4,0.0,0.0,0.0,0.0,0,1.0,3.0
208,181815,181814,0,181815,0.0,20,181815,20,4,0,0.0,20,181815,132,20,0.0,0.0,0.0,20,20,8808,0.0,0.0,181815,0,181815,0.0,181815,0,0,3416,0.0,0,0.0,0.02,0.0,0,12,20,4,0.0,0.0,0.0,0.0,0,2.0,3.0
209,181815,181814,0,181815,0.0,20,181815,20,4,0,0.0,20,181815,132,20,0.0,0.0,0.0,20,20,8808,0.0,0.0,181815,0,181815,0.0,181815,0,0,3416,0.0,0,0.0,0.02,0.0,0,12,20,4,0.0,0.0,0.0,0.0,0,2.0,3.0
210,181815,181814,0,181815,0.0,20,181815,20,4,0,0.0,20,181815,132,20,0.0,0.0,0.0,20,20,8808,0.0,0.0,181815,0,181815,0.0,181815,0,0,3416,0.0,0,0.0,0.02,0.0,0,12,20,4,0.0,0.0,0.0,0.0,0,2.0,3.0
211,181815,181814,0,181815,0.0,20,181815,20,4,0,0.0,20,181815,132,20,0.0,0.0,0.0,20,20,8808,0.0,0.0,181815,0,181815,0.0,181815,0,0,3416,0.0,0,0.0,0.02,0.0,0,12,20,4,0.0,0.0,0.0,0.0,0,2.0,3.0
212,181815,181814,0,181815,0.0,20,181815,20,4,0,0.0,20,181815,132,20,0.0,0.0,0.0,20,20,8808,0.0,0.0,181815,0,181815,0.0,181815,0,0,3416,0.0,0,0.0,0.02,0.0,0,12,20,4,0.0,0.0,0.0,0.0,0,2.0,3.0
213,181815,181814,0,181815,0.0,20,181815,20,4,0,0.0,20,181815,132,20,0.0,0.0,0.0,20,20,8808,0.0,0.0,181815,0,181815,0.0,181815,0,0,3416,0.0,0,0.0,0.02,0.0,0,12,20,4,0.0,0.0,0.0,0.0,0,2.0,3.0
214,181815,181814,0,181815,0.0,20,181815,20,4,0,0.0,20,181815,132,20,0.0,0.0,0.0,20,20,8808,0.0,0.0,181815,0,181815,0.0,181815,0,0,3416,0.0,0,0.0,0.02,0.0,0,12,20,4,0.0,0.0,0.0,0.0,0,2.0,3.0
215,181815,181814,0,181815,0.0,20,181815,20,4,0,0.0,20,181815,132,20,0.0,0.0,0.0,20,20,8808,0.0,0.0,181815,0,181815,0.0,181815,0,0,3416,0.0,0,0.0,0.02,0.0,0,12,20,4,0.0,0.0,0.0,0.0,0,2.0,3.0
216,181818,181817,0,181817,0.0,20,181818,20,4,0,0.0,20,181818,132,20,0.0,0.0,0.0,20,20,8808,0.0,0.0,181818,0,181817,0.0,181818,0,0,3416,0.0,0,0.0,0.02,0.0,0,12,20,4,0.0,0.0,0.0,0.0,0,3.0,3.0
217,181818,181817,0,181817,0.0,20,181818,20,4,0,0.0,20,181818,132,20,0.0,0.0,0.0,20,20,8808,0.0,0.0,181818,0,181817,0.0,181818,0,0,3416,0.0,0,0.0,0.02,0.0,0,12,20,4,0.0,0.0,0.0,0.0,0,3.0,3.0
218,181818,181817,0,181817,0.0,20,181818,20,4,0,0.0,20,181818,132,20,0.0,0.0,0.0,20,20,8808,0.0,0.0,181818,0,181817,0.0,181818,0,0,3416,0.0,0,0.0,0.02,0.0,0,12,20,4,0.0,0.0,0.0,0.0,0,3.0,3.0
219,181818,181817,0,181817,0.0,20,181818,20,4,0,0.0,20,181818,132,20,0.0,0.0,0.0,20,20,8808,0.0,0.0,181818,0,181817,0.0,181818,0,0,3416,0.0,0,0.0,0.02,0.0,0,12,20,4,0.0,0.0,0.0,0.0,0,3.0,3.0
220,181818,181817,0,181817,0.0,20,181818,20,4,0,0.0,20,181818,132,20,0.0,0.0,0.0,20,20,8808,0.0,0.0,181818,0,181817,0.0,181818,0,0,3416,0.0,0,0.0,0.02,0.0,0,12,20,4,0.0,0.0,0.0,0.0,0,3.0,3.0
221,181818,181817,0,181817,0.0,20,181818,20,4,0,0.0,20,181818,132,20,0.0,0.0,0.0,20,20,8808,0.0,0.0,181818,0,181817,0.0,181818,0,0,3416,0.0,0,0.0,0.02,0.0,0,12,20,4,0.0,0.0,0.0,0.0,0,3.0,3.0
222,181818,181817,0,181817,0.0,20,181818,20,4,0,0.0,20,181818,132,20,0.0,0.0,0.0,20,20,8808,0.0,0.0,181818,0,181817,0.0,181818,0,0,3416,0.0,0,0.0,0.02,0.0,0,12,20,4,0.0,0.0,0.0,0.0,0,3.0,3.0
223,181818,181817,0,181817,0.0,20,181818,20,4,0,0.0,20,181818,132,20,0.0,0.0,0.0,20,20,8808,0.0,0.0,181818,0,181817,0.0,181818,0,0,3416,0.0,0,0.0,0.02,0.0,0,12,20,4,0.0,0.0,0.0,0.0,0,3.0,3.0
224,181820,181820,0,181820,0.0,20,181821,20,4,0,0.0,20,181821,132,20,0.0,0.0,0.0,20,20,8808,0.0,0.0,181821,0,181820,0.0,181820,0,0,3416,0.0,0,0.0,0.02,0.0,0,12,20,4,0.0,0.0,0.0,0.0,0,4.0,3.0
225,181820,181820,0,181820,0.0,20,181821,20,4,0,0.0,20,181821,132,20,0.0,0.0,0.0,20,20,8808,0.0,0.0,181821,0,181820,0.0,181820,0,0,3416,0.0,0,0.0,0.02,0.0,0,12,20,4,0.0,0.0,0.0,0.0,0,4.0,3.0
226,181820,181820,0,181820,0.0,20,181821,20,4,0,0.0,20,181821,132,20,0.0,0.0,0.0,20,20,8808,0.0,0.0,181821,0,181820,0.0,181820,0,0,3416,0.0,0,0.0,0.02,0.0,0,12,20,4,0.0,0.0,0.0,0.0,0,4.0,3.0
227,181820,181820,0,181820,0.0,20,181821,20,4,0,0.0,20,181821,132,20,0.0,0.0,0.0,20,20,8808,0.0,0.0,181821,0,181820,0.0,181820,0,0,3416,0.0,0,0.0,0.02,0.0,0,12,20,4,0.0,0.0,0.0,0.0,0,4.0,3.0
228,181820,181820,0,181820,0.0,20,181821,20,4,0,0.0,20,181821,132,20,0.0,0.0,0.0,20,20,8808,0.0,0.0,181821,0,181820,0.0,181820,0,0,3416,0.0,0,0.0,0.02,0.0,0,12,20,4,0.0,0.0,0.0,0.0,0,4.0,3.0
229,181820,181820,0,181820,0.0,20,181821,20,4,0,0.0,20,181821,132,20,0.0,0.0,0.0,20,20,8808,0.0,0.0,181821,0,181820,0.0,181820,0,0,3416,0.0,0,0.0,0.02,0.0,0,12,20,4,0.0,0.0,0.0,0.0,0,4.0,3.0
230,181820,181820,0,181820,0.0,20,181821,20,4,0,0.0,20,181821,132,20,0.0,0.0,0.0,20,20,8808,0.0,0.0,181821,0,181820,0.0,181820,0,0,3416,0.0,0,0.0,0.02,0.0,0,12,20,4,0.0,0.0,0.0,0.0,0,4.0,3.0
231,181820,181820,0,181820,0.0,20,181821,20,4,0,0.0,20,181821,132,20,0.0,0.0,0.0,20,20,8808,0.0,0.0,181821,0,181820,0.0,181820,0,0,3416,0.0,0,0.0,0.02,0.0,0,12,20,4,0.0,0.0,0.0,0.0,0,4.0,3.0
232,181823,181823,0,181823,0.0,20,181823,20,4,0,0.0,20,181824,132,20,0.0,0.0,0.0,20,20,8808,0.0,0.0,181823,0,181823,0.0,181823,0,0,3416,0.0,0,0.0,0.02,0.0,0,12,20,4,0.0,0.0,0.0,0.0,0,5.0,3.0
233,181823,181823,0,181823,0.0,20,181823,20,4,0,0.0,20,181824,132,20,0.0,0.0,0.0,20,20,8808,0.0,0.0,181823,0,181823,0.0,181823,0,0,3416,0.0,0,0.0,0.02,0.0,0,12,20,4,0.0,0.0,0.0,0.0,0,5.0,3.0
234,181823,181823,0,181823,0.0,20,181823,20,4,0,0.0,20,181824,132,20,0.0,0.0,0.0,20,20,8808,0.0,0.0,181823,0,181823,0.0,181823,0,0,3416,0.0,0,0.0,0.02,0.0,0,12,20,4,0.0,0.0,0.0,0.0,0,5.0,3.0
235,181823,181823,0,181823,0.0,20,181823,20,4,0,0.0,20,181824,132,20,0.0,0.0,0.0,20,20,8808,0.0,0.0,181823,0,181823,0.0,181823,0,0,3416,0.0,0,0.0,0.02,0.0,0,12,20,4,0.0,0.0,0.0,0.0,0,5.0,3.0
236,181823,181823,0,181823,0.0,20,181823,20,4,0,0.0,20,181824,132,20,0.0,0.0,0.0,20,20,8808,0.0,0.0,181823,0,181823,0.0,181823,0,0,3416,0.0,0,0.0,0.02,0.0,0,12,20,4,0.0,0.0,0.0,0.0,0,5.0,3.0
237,181823,181823,0,181823,0.0,20,181823,20,4,0,0.0,20,181824,132,20,0.0,0.0,0.0,20,20,8808,0.0,0.0,181823,0,181823,0.0,181823,0,0,3416,0.0,0,0.0,0.02,0.0,0,12,20,4,0.0,0.0,0.0,0.0,0,5.0,3.0
238,181823,181823,0,181823,0.0,20,181823,20,4,0,0.0,20,181824,132,20,0.0,0.0,0.0,20,20,8808,0.0,0.0,181823,0,181823,0.0,181823,0,0,3416,0.0,0,0.0,0.02,0.0,0,12,20,4,0.0,0.0,0.0,0.0,0,5.0,3.0
239,181823,181823,0,181823,0.0,20,181823,20,4,0,0.0,20,181824,132,20,0.0,0.0,0.0,20,20,8808,0.0,0.0,181823,0,181823,0.0,181823,0,0,3416,0.0,0,0.0,0.02,0.0,0,12,20,4,0.0,0.0,0.0,0.0,0,5.0,3.0
240,181826,181826,0,181826,0.0,20,181826,20,4,0,0.0,20,181826,132,20,0.0,0.0,0.0,20,20,8808,0.0,0.0,181826,0,181826,0.0,181826,0,0,3416,0.0,0,0.0,0.02,0.0,0,12,20,4,0.0,0.0,0.0,0.0,0,6.0,3.0
241,181826,181826,0,181826,0.0,20,181826,20,4,0,0.0,20,181826,132,20,0.0,0.0,0.0,20,20,8808,0.0,0.0,181826,0,181826,0.0,181826,0,0,3416,0.0,0,0.0,0.02,0.0,0,12,20,4,0.0,0.0,0.0,0.0,0,6.0,3.0
242,181826,181826,0,181826,0.0,20,181826,20,4,0,0.0,20,181826,132,20,0.0,0.0,0.0,20,20,8808,0.0,0.0,181826,0,181826,0.0,181826,0,0,3416,0.0,0,0.0,0.02,0.0,0,12,20,4,0.0,0.0,0.0,0.0,0,6.0,3.0
243,181826,181826,0,181826,0.0,20,181826,20,4,0,0.0,20,181826,132,20,0.0,0.0,0.0,20,20,8808,0.0,0.0,181826,0,181826,0.0,181826,0,0,3416,0.0,0,0.0,0.02,0.0,0,12,20,4,0.0,0.0,0.0,0.0,0,6.0,3.0
244,181826,181826,0,181826,0.0,20,181826,20,4,0,0.0,20,181826,132,20,0.0,0.0,0.0,20,20,8808,0.0,0.0,181826,0,181826,0.0,181826,0,0,3416,0.0,0,0.0,0.02,0.0,0,12,20,4,0.0,0.0,0.0,0.0,0,6.0,3.0
245,181826,181826,0,181826,0.0,20,181826,20,4,0,0.0,20,181826,132,20,0.0,0.0,0.0,20,20,8808,0.0,0.0,181826,0,181826,0.0,181826,0,0,3416,0.0,0,0.0,0.02,0.0,0,12,20,4,0.0,0.0,0.0,0.0,0,6.0,3.0
246,181826,181826,0,181826,0.0,20,181826,20,4,0,0.0,20,181826,132,20,0.0,0.0,0.0,20,20,8808,0.0,0.0,181826,0,181826,0.0,181826,0,0,3416,0.0,0,0.0,0.02,0.0,0,12,20,4,0.0,0.0,0.0,0.0,0,6.0,3.0
247,181826,181826,0,181826,0.0,20,181826,20,4,0,0.0,20,181826,132,20,0.0,0.0,0.0,20,20,8808,0.0,0.0,181826,0,181826,0.0,181826,0,0,3416,0.0,0,0.0,0.02,0.0,0,12,20,4,0.0,0.0,0.0,0.0,0,6.0,3.0
248,181828,181828,0,181828,0.0,20,181829,20,4,0,0.0,20,181829,132,20,0.0,0.0,0.0,20,20,8808,0.0,0.0,181829,0,181828,0.0,181829,0,0,3416,0.0,0,0.0,0.02,0.0,0,12,20,4,0.0,0.0,0.0,0.0,0,7.0,3.0
249,181828,181828,0,181828,0.0,20,181829,20,4,0,0.0,20,181829,132,20,0.0,0.0,0.0,20,20,8808,0.0,0.0,181829,0,181828,0.0,181829,0,0,3416,0.0,0,0.0,0.02,0.0,0,12,20,4,0.0,0.0,0.0,0.0,0,7.0,3.0
250,181828,181828,0,181828,0.0,20,181829,20,4,0,0.0,20,181829,132,20,0.0,0.0,0.0,20,20,8808,0.0,0.0,181829,0,181828,0.0,181829,0,0,3416,0.0,0,0.0,0.02,0.0,0,12,20,4,0.0,0.0,0.0,0.0,0,7.0,3.0
251,181828,181828,0,181828,0.0,20,181829,20,4,0,0.0,20,181829,132,20,0.0,0.0,0.0,20,20,8808,0.0,0.0,181829,0,181828,0.0,181829,0,0,3416,0.0,0,0.0,0.02,0.0,0,12,20,4,0.0,0.0,0.0,0.0,0,7.0,3.0
252,181828,181828,0,181828,0.0,20,181829,20,4,0,0.0,20,181829,132,20,0.0,0.0,0.0,20,20,8808,0.0,0.0,181829,0,181828,0.0,181829,0,0,3416,0.0,0,0.0,0.02,0.0,0,12,20,4,0.0,0.0,0.0,0.0,0,7.0,3.0
253,181828,181828,0,181828,0.0,20,181829,20,4,0,0.0,20,181829,132,20,0.0,0.0,0.0,20,20,8808,0.0,0.0,181829,0,181828,0.0,181829,0,0,3416,0.0,0,0.0,0.02,0.0,0,12,20,4,0.0,0.0,0.0,0.0,0,7.0,3.0
254,181828,181828,0,181828,0.0,20,181829,20,4,0,0.0,20,181829,132,20,0.0,0.0,0.0,20,20,8808,0.0,0.0,181829,0,181828,0.0,181829,0,0,3416,0.0,0,0.0,0.02,0.0,0,12,20,4,0.0,0.0,0.0,0.0,0,7.0,3.0
255,181828,181828,0,181828,0.0,20,181829,20,4,0,0.0,20,181829,132,20,0.0,0.0,0.0,20,20,8808,0.0,0.0,181829,0,181828,0.0,181829,0,0,3416,0.0,0,0.0,0.02,0.0,0,12,20,4,0.0,0.0,0.0,0.0,0,7.0,3.0
